accident_id,date,time,day_of_week,time_of_day,state,city,area,location_type,road_type,lanes,traffic_volume,road_condition,vehicle_type,driver_age,driver_gender,persons_involved,injuries,fatalities,severity,cause_primary,alcohol_involved,seatbelt_helmet_used,speed_limit,reported_speed,speed_unit,weather_main,temperature,temp_unit,precipitation_mm,visibility_km,light_conditions,police_response_time_min,ambulance_time_min,fines_issued_inr,nearest_hospital,hospital_distance_km,latitude,longitude
A00172,11/01/2024,3:06 AM,Thursday,Night,Delhi,New Delhi,Okhla,Intersection,Expressway,3,High,Fair,Car,24,Other,2,1,0,Minor,Pedestrian Error,No,Yes,40,92,km/h,Clear,30,C,0,5.9,Dawn,10,25,1140,Fortis Vasant Kunj,5.6,28.642128,77.155404
A00173,16/03/2023,2:17 AM,Thursday,Night,Delhi,New Delhi,Karol Bagh,Residential Area,Rural,3,Low,Good,Car,56,Unknown,2,1,1,Moderate,Vehicle Failure,Unknown,No,60,59,km/h,Haze,18.8,C,0,0.3,Daylight,10,20,923,Max Saket,7,28.617852,77.187583
A00174,05/08/2025,11:15 AM,Tuesday,Morning,Delhi,New Delhi,Connaught Place,Near Signal,Urban,3,Medium,Under Construction,Bicycle,,Unknown,1,0,0,Minor,Distracted Driving,Yes,No,100,95,km/h,Fog,15,C,3.3,5.3,Daylight,11,15,1422,Safdarjung,9,28.580421,77.193773
A00175,2023-11-09,11:23:05,Thursday,Morning,Delhi,New Delhi,Janakpuri,Highway stretch,NH,3,High,Fair,Truck,26,Other,1,0,0,Minor,Distracted Driving,No,Yes,100,128,km/h,Clear,30.9,C,0,6.6,Daylight,25,10,573,Fortis Vasant Kunj,6.3,28.588305,77.210375
A00176,29/01/2024,4:18:33,Monday,Night,Delhi,New Delhi,Janakpuri,Market Area,Urban,3,High,Under Construction,Bus,66,Unknown,1,0,0,Moderate,Alcohol Influence,Unknown,Yes,100,140,km/h,rain,28.3,C,0,3.4,Dusk,20,14,984,Safdarjung,6.3,28.58839,77.250856
A00177,24/02/2024,6:13 PM,Saturday,Evening,Delhi,New Delhi,Chandni Chowk,Highway stretch,Rural,3,Low,Good,bus,23,Female,1,0,0,Minor,Pedestrian Error,Yes,Unknown,80,94,km/h,Rain,,C,0.6,2.3,night,10,31,1715,Max Saket,3.9,28.575428,77.185818
A00178,01/08/2024,9:19 PM,Thursday,Night,Delhi,New Delhi,Vasant Kunj,Near Signal,NH,3,Low,Fair,Two-wheeler,35,Other,3,2,0,Minor,Overspeeding,Yes,No,60,86,km/h,Clear,96.1,F,0,4.4,Daylight,14,31,617,LNJP,0.2,28.575448,77.205491
A00179,2023-11-18,18:05:15,Saturday,Evening,Delhi,New Delhi,Connaught Place,Intersection,Rural,2,High,Poor,Auto-rickshaw,16,Unknown,3,0,0,minor,Pedestrian Error,No,Yes,60,,km/h,Clear,37.2,C,0,8,Daylight,30,11,496,Apollo Sarita Vihar,6,28.697644,77.141555
A00180,2024-01-14,9:16:12,Sunday,Morning,Delhi,New Delhi,Saket,Market Area,Rural,2,High,Fair,Two-wheeler,,Other,3,0,0,Moderate,Bad Weather,Unknown,No,50,71,km/h,Rain,68.4,F,0,4,Night,27,23,1115,Fortis Vasant Kunj,2.8,28.622078,77.252945
A00181,2024-06-04,3:23:19,Tuesday,Night,Delhi,New Delhi,Vasant Kunj,Highway stretch,NH,2,High,Poor,Two-wheeler,51,Female,1,1,0,Minor,Distracted Driving,No,Unknown,60,54,km/h,Clear,20.9,C,0,6.1,Daylight,23,21,1871,AIIMS,8.4,28.649838,77.237535
A00182,23/07/2024,0:56:25,Tuesday,Night,Delhi,New Delhi,Okhla,School Zone,Urban,3,High,Poor,Truck,,Other,6,1,0,Minor,Pedestrian Error,Yes,No,40,53,km/h,Thunderstorm,21.8,C,0,1.8,Daylight,2,35,1278,Safdarjung,3.9,28.623718,77.201331
A00183,31/01/2025,12:59 PM,Friday,Afternoon,Delhi,New Delhi,Saket,Near Signal,Rural,2,Low,Good,Bicycle,39,Male,2,1,0,Minor,Overspeeding,Unknown,No,100,109,km/h,Clear,32.7,C,5.4,6.3,Daylight,27,16,855,Max Saket,9.8,28.644673,77.241608
A00184,08/05/2023,10:02:33,Monday,Morning,Delhi,New Delhi,Vasant Kunj,Highway stretch,SH,4,High,Under Construction,Two-wheeler,27,Other,3,2,0,Minor,Alcohol Influence,Yes,Yes,100,98,km/h,Thunderstorm,93.4,F,2.1,2.9,Dawn,10,21,1365,AIIMS,5.9,28.566772,77.168267
A00185,2023-05-10,14:28:43,Wednesday,Afternoon,Delhi,New Delhi,Connaught Place,Highway stretch,Expressway,6,Low,Fair,Two-wheeler,38,Unknown,2,1,0,Minor,Reckless Overtaking,Yes,Yes,50,79,km/h,Dust,41.6,C,0,4,Daylight,16,24,1458,Fortis Vasant Kunj,4.9,28.561781,77.238466
A00186,2023-08-07,6:06:30,Monday,Morning,Delhi,New Delhi,IGI Airport,Highway stretch,Rural,2,Low,Under Construction,Auto-rickshaw,21,Unknown,1,1,0,Moderate,,No,Unknown,100,110,km/h,Dust,56.3,F,0,6.9,Daylight,14,0,1350,RML,7.8,28.595467,77.199274
A00187,2024-03-23,23:42:12,Saturday,Night,Delhi,New Delhi,IGI Airport,Residential Area,Urban,3,Low,Good,Truck,16,Other,3,1,0,Fatal,Vehicle Failure,Unknown,No,50,23,km/h,Rain,29.2,C,0,4.1,Dawn,8,4,1616,Max Saket,9.9,28.601835,77.170254
A00188,2024-12-14,13:12:04,Saturday,Afternoon,Delhi,New Delhi,Vasant Kunj,Near Signal,Rural,6,Medium,Poor,Two-wheeler,21,Unknown,3,1,,Fatal,Vehicle Failure,Unknown,No,80,100,km/h,Thunderstorm,22.7,C,0,6.4,Dawn,20,19,1734,Apollo Sarita Vihar,6.3,28.646802,77.21548
A00189,13/06/2025,11:19 PM,Friday,Night,Delhi,New Delhi,Saket,School Zone,Rural,3,High,Under Construction,Car,29,Unknown,1,0,0,Severe,alcohol influence,Unknown,Yes,100,92,km/h,Clear,30,C,1,8.4,Daylight,25,17,528,Apollo Sarita Vihar,8.2,28.635388,77.214048
A00190,2025-05-27,1:14 PM,Tuesday,Afternoon,Delhi,New Delhi,Saket,Highway stretch,SH,3,Low,Good,Truck,45,Other,2,1,0,Minor,Alcohol Influence,No,No,60,48,km/h,thunderstorm,25.8,C,0,6.7,Daylight,13,27,1620,Fortis Vasant Kunj,9,28.603102,77.148968
A00191,2025-04-19,15:21:42,Saturday,Afternoon,Delhi,New Delhi,Karol Bagh,Market Area,Rural,3,Medium,Good,Bicycle,31,Unknown,4,0,0,Moderate,Reckless Overtaking,Unknown,No,80,66,km/h,Fog,25.8,C,0,7.6,Night,17,14,0,RML,7.1,28.652657,77.204633
A00192,2023-11-24,9:36 AM,Friday,Morning,Delhi,New Delhi,Lajpat Nagar,Near Signal,Urban,3,Medium,Good,Truck,26,Female,1,0,0,Minor,Reckless Overtaking,Unknown,Unknown,100,127,km/h,Haze,27.6,C,0,2.6,Daylight,21,15,772,RML,4.3,28.687546,77.284899
A00193,09/07/2025,12:31:39,Wednesday,Afternoon,Delhi,New Delhi,Lajpat Nagar,Near Signal,SH,2,Medium,Under Construction,Bus,30,Female,2,2,0,Minor,Distracted Driving,No,No,80,80,km/h,Dust,27.2,C,0,7,Night,13,17,802,LNJP,3.9,28.553285,77.048206
A00194,20/03/2023,13:03:10,Monday,Afternoon,Delhi,New Delhi,Vasant Kunj,Market Area,Rural,4,Medium,Under Construction,Two-wheeler,,Female,1,1,0,Moderate,Pedestrian Error,No,Unknown,80,84,km/h,Clear,21.3,C,1.1,10.4,Dawn,20,30,525,Max Saket,7.8,28.636068,77.21498
A00195,2025-07-03,9:56 PM,Thursday,Night,Delhi,New Delhi,IGI Airport,Highway stretch,Rural,2,High,Poor,Auto-rickshaw,20,Female,2,2,0,Moderate,Alcohol Influence,Unknown,Unknown,80,88,km/h,Dust,,C,0,4.8,Daylight,8,23,1447,Max Saket,6.5,28.632599,77.254305
A00196,21/11/2023,3:54:36,Tuesday,Night,Delhi,New Delhi,Connaught Place,Highway stretch,Rural,3,Low,Poor,Truck,38,Other,1,1,0,Minor,,No,Unknown,100,100,km/h,Fog,31.8,C,8,6,Dawn,10,28,641,Apollo Sarita Vihar,10.1,28.582576,77.303533
A00197,2023-05-24,16:26:35,Wednesday,Afternoon,Delhi,New Delhi,Saket,Near Signal,NH,4,Medium,Fair,Car,24,Other,1,,0,Minor,Pedestrian Error,No,Yes,100,102,km/h,Clear,40.7,C,7.2,2.2,Daylight,29,8,1248,Apollo Sarita Vihar,5.7,28.692973,77.272762
A00198,2024-04-17,4:41 AM,Wednesday,Night,Delhi,New Delhi,AIIMS,Residential Area,Rural,3,Low,Fair,Two-wheeler,49,Male,5,0,0,Minor,Alcohol Influence,Yes,Unknown,40,,km/h,Clear,28.7,C,0,8.3,Daylight,8,21,1668,AIIMS,1.9,28.608018,77.16774
A00199,2024-11-23,20:28:30,Saturday,Evening,Delhi,New Delhi,IGI Airport,School Zone,SH,2,Medium,Fair,Bus,35,Female,6,,0,Minor,Alcohol Influence,Unknown,Yes,50,59,km/h,Clear,,C,0,3.3,Daylight,19,15,1235,AIIMS,5.8,28.646501,77.156124
A00200,2025-02-05,4:26 AM,Wednesday,Night,Delhi,New Delhi,AIIMS,Intersection,SH,2,Medium,Fair,Two-wheeler,36,Other,1,3,0,Severe,Reckless Overtaking,Unknown,Yes,60,67,km/h,Dust,34.5,C,2.4,4.1,Dusk,12,34,586,Max Saket,6.9,28.63103,77.254128
A00201,2024-09-17,22:02:40,Tuesday,Night,Delhi,New Delhi,Saket,Highway stretch,Rural,2,High,Under Construction,Two-wheeler,50,Unknown,2,2,0,Minor,Overspeeding,No,Unknown,60,104,km/h,Fog,16.3,C,0,4.2,dawn,5,14,586,AIIMS,3.7,28.602573,77.173818
A00202,2023-04-11,9:01:56,Tuesday,Morning,Delhi,New Delhi,Janakpuri,Intersection,Expressway,2,High,Fair,Two-wheeler,,Other,2,1,0,Moderate,Overspeeding,Yes,No,50,55,km/h,Fog,23.3,C,0.9,3.3,Daylight,12,23,758,AIIMS,7.2,28.54004,77.206406
A00203,22/10/2023,8:30 PM,Sunday,Evening,Delhi,New Delhi,Lajpat Nagar,Market Area,SH,3,Medium,Poor,Auto-rickshaw,16,Female,1,1,0,Minor,Pedestrian Error,Yes,Unknown,60,87,km/h,Rain,31.6,C,0,5.4,Dawn,31,25,697,Apollo Sarita Vihar,3,28.568003,77.189515
A00204,2025-07-09,10:18:48,Wednesday,Morning,Delhi,New Delhi,Dwarka,Near Signal,Rural,4,High,Under Construction,bus,45,Other,2,2,0,Minor,Overspeeding,Unknown,Yes,60,104,km/h,Clear,20.1,C,2.8,6.7,Dusk,11,0,1967,Safdarjung,8.4,28.666031,77.154975
A00205,2025-04-23,8:35 AM,Wednesday,Morning,Delhi,New Delhi,Rohini,Intersection,Urban,3,Medium,Under Construction,Auto-rickshaw,34,Unknown,1,1,0,Minor,Distracted Driving,No,No,60,92,km/h,Haze,35.4,C,0,2.3,Dusk,6,21,742,Max Saket,1.8,28.546111,77.270419
A00206,30/05/2023,5:01:53,Tuesday,Morning,Delhi,New Delhi,Dwarka,School Zone,Rural,3,Medium,Good,Bicycle,24,Unknown,1,0,0,Minor,Reckless Overtaking,Yes,No,80,81,km/h,Dust,14,C,0,5.4,Night,20,8,828,LNJP,2.2,28.556084,77.156291
A00207,19/09/2024,19:35:04,Thursday,Evening,Delhi,New Delhi,Dwarka,Market Area,NH,3,Medium,Fair,Bus,29,Other,5,1,0,Minor,Vehicle Failure,Yes,Yes,100,109,km/h,Clear,,C,4.4,1.6,Daylight,20,27,1347,AIIMS,6.9,28.593261,77.235421
A00208,06/07/2024,8:47 AM,Saturday,Morning,Delhi,New Delhi,Saket,Market Area,SH,2,Medium,Fair,Two-wheeler,36,Other,1,1,0,Moderate,Distracted Driving,Unknown,Unknown,40,66,km/h,Rain,32.4,C,3.6,4.9,Night,15,9,288,Safdarjung,7.5,28.576172,77.264125
A00209,06/01/2025,19:58:40,Monday,Evening,Delhi,New Delhi,Dwarka,Intersection,NH,3,High,Under Construction,Two-wheeler,21,Other,1,1,0,Moderate,Overspeeding,Unknown,Yes,40,35,km/h,Rain,18.4,C,0,6.7,Dawn,2,20,1860,Fortis Vasant Kunj,5.9,28.524188,77.179493
A00210,18/10/2024,19:06:28,Friday,Evening,Delhi,New Delhi,IGI Airport,Market Area,Expressway,3,Low,Good,Two-wheeler,,Other,1,1,0,Minor,Alcohol Influence,Unknown,No,40,60,km/h,,26.4,C,0,2.5,Night,14,20,1625,AIIMS,0.5,28.581417,77.294908
A00211,2025-06-03,14:36:40,Tuesday,Afternoon,Delhi,New Delhi,Lajpat Nagar,Intersection,SH,3,Medium,Fair,Bicycle,,Unknown,3,0,0,Minor,Overspeeding,Yes,No,60,43.5,mph,,19.2,C,0,0.4,Dusk,24,5,1182,Apollo Sarita Vihar,0.1,28.576822,77.188002
A00212,2024-05-10,6:00 AM,Friday,Morning,Delhi,New Delhi,Karol Bagh,Highway stretch,Expressway,3,Low,Good,Two-wheeler,24,Other,2,2,0,Severe,Distracted Driving,No,Yes,60,84,km/h,Dust,20.6,C,0,4.3,Dusk,15,17,748,RML,1.9,28.651681,77.116272
A00213,12/09/2023,3:13:32,Tuesday,Night,Delhi,New Delhi,Dwarka,Intersection,Urban,3,High,Good,Truck,,Other,2,,0,Moderate,Reckless Overtaking,No,Unknown,100,108,km/h,Rain,31.2,C,1.8,4.2,Daylight,11,19,1763,LNJP,12,28.579458,77.184791
A00214,19/10/2023,10:12 AM,Thursday,Morning,Delhi,New Delhi,Karol Bagh,School Zone,Rural,3,Medium,Poor,Bus,33,Female,2,1,0,Moderate,Vehicle Failure,Yes,Unknown,100,96,km/h,Clear,28.2,C,0,3.8,Dusk,10,0,952,RML,6,28.474753,77.274118
A00215,2025-06-07,8:59 PM,Saturday,Evening,Delhi,New Delhi,Okhla,School Zone,SH,2,Low,Good,Car,36,Female,1,1,0,Moderate,Pedestrian Error,No,No,100,95,km/h,Thunderstorm,26.8,C,0,2.1,Dusk,17,14,1277,LNJP,5.8,28.684232,77.183074
A00216,2023-04-13,9:25:30,Thursday,Morning,Delhi,New Delhi,AIIMS,Highway stretch,SH,1,High,Good,Truck,39,Other,2,1,0,Minor,Reckless Overtaking,No,No,80,128,km/h,Clear,22.1,C,2.7,3.9,Dusk,15,26,581,Safdarjung,4.5,28.661907,77.220366
A00217,2024-09-09,4:05 AM,Monday,Night,Delhi,New Delhi,Lajpat Nagar,Highway stretch,Rural,2,High,Poor,Two-wheeler,36,Male,3,4,0,Moderate,,Yes,Unknown,80,100,km/h,Haze,31.3,C,10.3,5,Night,19,4,612,Safdarjung,1.9,28.666886,77.172303
A00218,27/10/2024,1:05:56,Sunday,Night,Delhi,New Delhi,AIIMS,Near Signal,Urban,3,Medium,Fair,Two-wheeler,18,Female,1,0,0,Moderate,Distracted Driving,No,Unknown,40,38.5,mph,Dust,31.1,C,0,3.2,Dusk,15,29,1374,RML,4.3,28.687183,77.209485
A00219,2023-07-20,2:09:37,Thursday,Night,Delhi,New Delhi,IGI Airport,Intersection,NH,3,Medium,Under Construction,Truck,21,Unknown,3,0,0,Minor,Bad Weather,Yes,Yes,60,53,km/h,Fog,26.3,C,6.5,3.3,Daylight,0,20,1061,AIIMS,6,28.610368,77.180347
A00220,2025-03-12,5:43 PM,Wednesday,Evening,Delhi,New Delhi,Vasant Kunj,Market Area,NH,2,Low,Fair,Bus,25,Other,2,1,0,Moderate,Vehicle Failure,Unknown,No,80,77,km/h,Fog,33.8,C,5.3,3.1,dawn,18,17,668,RML,5.1,28.621715,77.203289
A00221,2025-03-19,9:43 AM,Wednesday,Morning,Delhi,New Delhi,IGI Airport,Residential Area,Expressway,4,High,Fair,Bus,42,Male,1,0,0,Minor,Pedestrian Error,No,Unknown,40,45,km/h,Dust,36.9,C,7.2,2,Daylight,20,5,374,LNJP,,28.647668,77.169409
A00222,2024-07-24,14:33:50,Wednesday,Afternoon,Delhi,New Delhi,Janakpuri,Near Signal,Expressway,2,High,Poor,Truck,32,Female,1,,0,Minor,Pedestrian Error,No,Unknown,40,41,mph,Thunderstorm,32.9,C,0,8.1,Night,19,36,418,Apollo Sarita Vihar,2.4,28.542565,77.179242
A00223,2025-06-09,10:23 AM,Monday,Morning,Delhi,New Delhi,IGI Airport,Market Area,Expressway,2,Medium,Poor,Bicycle,,Other,1,1,0,Fatal,Overspeeding,Unknown,Yes,40,41,km/h,Dust,24.8,C,0,3.7,Dusk,15,16,1408,Fortis Vasant Kunj,2.6,28.626197,77.237801
A00224,2025-08-09,21:51:25,Saturday,Night,Delhi,New Delhi,Janakpuri,Highway stretch,Urban,3,Medium,Good,Truck,36,Male,1,1,0,Severe,Pedestrian Error,No,Yes,100,90,km/h,Haze,37.8,C,0,6.4,Daylight,15,20,1211,Fortis Vasant Kunj,5,28.537271,77.132594
A00225,2024-08-25,14:10:16,Sunday,Afternoon,Delhi,New Delhi,Rohini,Market Area,NH,2,High,Poor,Car,22,Female,7,2,,Minor,Vehicle Failure,No,Yes,40,35,km/h,Haze,22.6,C,2.6,7.1,Daylight,20,40,504,Fortis Vasant Kunj,6.7,28.636224,77.176306
A00226,04/05/2024,2:35 PM,Saturday,Afternoon,Delhi,New Delhi,IGI Airport,Highway stretch,SH,2,Medium,Fair,Car,31,Other,1,1,0,Moderate,Pedestrian Error,No,No,60,102,km/h,Thunderstorm,29.2,C,4.6,7.2,Dawn,7,25,665,Safdarjung,2.1,28.632543,77.163063
A00227,04/03/2024,0:30:57,Monday,Night,Delhi,New Delhi,Chandni Chowk,Residential Area,Rural,6,Medium,Under Construction,Bicycle,32,Male,1,,0,Fatal,,Unknown,No,80,75,km/h,Haze,27.1,C,0,6.8,Dusk,17,40,1751,Safdarjung,0.4,28.635069,77.247133
A00228,2024-01-27,17:58:01,Saturday,Evening,Delhi,New Delhi,Saket,Market Area,NH,2,High,Fair,Auto-rickshaw,16,Female,2,1,0,Moderate,Alcohol Influence,No,Yes,100,128,km/h,Rain,43.6,C,3.4,2,Dusk,16,21,1076,LNJP,1.5,28.627791,77.166791
A00229,2023-11-05,22:53:51,Sunday,Night,Delhi,New Delhi,Rohini,Residential Area,Expressway,2,High,Fair,Bus,27,Other,1,0,0,Minor,Distracted Driving,Unknown,No,80,99,km/h,Haze,24.4,C,0,5.9,Night,11,12,390,Apollo Sarita Vihar,4.9,28.611028,77.229121
A00230,25/02/2023,13:41:39,Saturday,Afternoon,Delhi,New Delhi,Karol Bagh,Highway stretch,Rural,3,Medium,Under Construction,Auto-rickshaw,48,Other,2,2,0,Minor,Distracted Driving,Unknown,Yes,40,62,km/h,Fog,85.3,F,4.2,1.5,Dusk,25,3,1317,LNJP,2.5,28.59489,77.100929
A00231,2024-02-28,12:16:00,Wednesday,Afternoon,Delhi,New Delhi,Chandni Chowk,Intersection,Urban,3,Low,Poor,Bicycle,30,Unknown,2,1,0,Minor,Vehicle Failure,No,Unknown,50,37,km/h,Clear,47.8,C,2,2.6,Dawn,14,30,1734,RML,7.4,28.618419,77.180605
A00232,2024-10-16,8:16 AM,Wednesday,Morning,Delhi,New Delhi,Lajpat Nagar,Residential Area,Expressway,2,High,Fair,Bus,52,Other,2,1,0,Moderate,Vehicle Failure,Unknown,No,80,111,km/h,Dust,26.5,C,1.3,4.2,Dawn,19,30,964,Max Saket,9.6,28.581088,77.159516
A00233,2023-03-13,22:27:06,Monday,Night,Delhi,New Delhi,IGI Airport,School Zone,NH,1,Medium,Under Construction,Bus,,Female,1,0,,Fatal,Vehicle Failure,No,No,50,79,km/h,,20.4,C,0,4.8,Dusk,13,20,1250,AIIMS,0.1,28.637809,77.220247
A00234,2023-12-21,19:40:05,Thursday,Evening,Delhi,New Delhi,Connaught Place,Highway stretch,Urban,4,High,Under Construction,Bicycle,31,Unknown,2,0,0,Minor,overspeeding,No,Yes,50,62,km/h,Haze,68.7,F,0,1.8,Daylight,27,19,743,Apollo Sarita Vihar,4.4,28.59593,77.23313
A00235,03/09/2023,22:33:12,Sunday,Night,Delhi,New Delhi,Dwarka,Intersection,NH,3,High,Fair,Bicycle,37,Other,1,2,,Minor,Vehicle Failure,No,Yes,80,93,km/h,Rain,20.1,C,0,7.2,Dusk,16,30,297,Safdarjung,1.7,28.636444,77.124723
A00236,2025-08-29,10:27 AM,Friday,Morning,Delhi,New Delhi,Dwarka,Intersection,SH,2,Low,Poor,Car,60,Unknown,2,4,0,Minor,Distracted Driving,Yes,No,40,30.4,mph,Fog,17.2,C,3.4,5.4,Night,16,20,1423,Fortis Vasant Kunj,6.4,28.588935,77.284091
A00237,08/05/2023,9:33 AM,Monday,Morning,Delhi,New Delhi,Okhla,Intersection,SH,4,Medium,Poor,Bicycle,37,Other,3,3,0,Minor,Pedestrian Error,Yes,Yes,60,76,km/h,Fog,87.1,F,0,4.8,Night,11,23,805,LNJP,8.7,28.535978,77.172082
A00238,26/08/2024,3:08 PM,Monday,Afternoon,Delhi,New Delhi,Karol Bagh,School Zone,SH,3,Medium,Fair,Auto-rickshaw,33,Other,5,0,0,Minor,Overspeeding,Yes,Unknown,60,69,km/h,,28.9,C,3,3.2,Dawn,26,8,1742,LNJP,5.2,28.57713,77.203918
A00239,27/07/2025,6:47 PM,Sunday,Evening,Delhi,New Delhi,IGI Airport,Intersection,Expressway,2,High,Under Construction,Truck,25,Other,4,2,0,Moderate,Alcohol Influence,Unknown,No,80,75,km/h,Rain,19.2,C,0,8,Daylight,8,26,1122,Apollo Sarita Vihar,2.1,28.636918,77.300592
A00240,30/09/2024,6:42 AM,Monday,Morning,Delhi,New Delhi,Dwarka,Highway stretch,Urban,2,Medium,Under Construction,Auto-rickshaw,42,Male,2,2,0,Moderate,Pedestrian Error,No,Yes,60,,km/h,Thunderstorm,22.2,C,0,3.8,Daylight,27,28,1246,RML,4.9,28.662857,77.223001
A00241,07/03/2025,7:43 AM,Friday,Morning,Delhi,New Delhi,Saket,Near Signal,NH,3,High,Fair,Bus,,Male,2,3,0,Minor,Pedestrian Error,Unknown,Yes,60,67,km/h,,28.2,C,5.5,4.4,Night,21,12,1257,LNJP,6.2,28.68766,77.258171
A00242,30/10/2023,11:29:37,Monday,Morning,Delhi,New Delhi,Chandni Chowk,School Zone,Expressway,4,High,Poor,Bicycle,20,Unknown,1,0,0,Severe,Alcohol Influence,Yes,Yes,40,37,km/h,Fog,106,F,0,8.5,Night,7,22,1292,AIIMS,10.7,28.566986,77.169943
A00243,2023-10-26,23:57:07,Thursday,Night,Delhi,New Delhi,Dwarka,Highway stretch,Rural,2,High,Fair,Auto-rickshaw,39,Unknown,4,,0,Moderate,Overspeeding,Yes,No,60,87,km/h,Thunderstorm,,C,0,3.7,Dusk,20,22,1204,LNJP,,28.661771,77.154528
A00244,28/04/2025,23:05:01,Monday,Night,Delhi,New Delhi,Lajpat Nagar,School Zone,Expressway,3,Low,Under Construction,Truck,,Male,2,0,0,Fatal,Vehicle Failure,Unknown,Yes,60,104,km/h,,69.4,F,0,5,Night,22,15,811,Apollo Sarita Vihar,9.9,28.564671,77.187211
A00245,2025-04-03,5:25:54,Thursday,Morning,Delhi,New Delhi,Karol Bagh,Residential Area,SH,4,High,Poor,Two-wheeler,52,Male,5,0,0,Moderate,Vehicle Failure,Unknown,No,100,98,km/h,Dust,31,C,0,3.5,Dusk,10,12,1257,AIIMS,1.4,28.520906,77.183254
A00246,27/07/2024,5:35:21,Saturday,Morning,Delhi,New Delhi,Chandni Chowk,Market Area,Rural,2,Low,Poor,Truck,19,Other,3,1,0,Minor,Reckless Overtaking,No,No,60,60,km/h,,32,C,0,4.8,Dusk,23,27,1045,LNJP,1,28.631231,77.189948
A00247,2025-07-10,11:15 PM,Thursday,Night,Delhi,New Delhi,Chandni Chowk,Market Area,SH,2,Medium,Good,Truck,44,Other,2,0,0,Severe,Overspeeding,Yes,No,80,,km/h,Dust,39.9,C,0,3.1,Daylight,7,18,589,RML,10.1,28.618818,77.216344
A00248,09/05/2024,16:45:24,Thursday,Afternoon,Delhi,New Delhi,Okhla,Near Signal,Urban,2,Low,Under Construction,Bus,40,Male,1,0,,Moderate,Bad Weather,No,Yes,60,63,km/h,Clear,15.6,C,7.6,5.3,Dawn,6,26,344,Apollo Sarita Vihar,4.2,28.554932,77.219825
A00249,25/08/2023,4:49:47,Friday,Night,Delhi,New Delhi,Janakpuri,Residential Area,NH,3,Medium,Under Construction,Two-wheeler,18,Male,3,2,0,Fatal,,Unknown,Yes,100,127,km/h,Clear,30.2,C,0,4.1,Daylight,4,11,1692,RML,5,28.520942,77.156919
A00250,2024-11-02,3:13 PM,Saturday,Afternoon,Delhi,New Delhi,Rohini,Intersection,NH,2,Low,Good,Bicycle,36,Female,1,4,0,Moderate,Bad Weather,No,Yes,60,58,km/h,,,F,3.8,6,Daylight,15,31,1863,Max Saket,5,28.616567,77.148434
A00251,2023-07-11,21:37:44,Tuesday,Night,Delhi,New Delhi,Vasant Kunj,School Zone,SH,2,Low,Fair,Two-wheeler,55,Other,4,0,0,Minor,Bad Weather,No,No,80,99,km/h,,29.3,C,0,6.1,Dawn,7,16,1353,Safdarjung,3.6,28.606593,77.200803
A00252,2024-01-18,5:26:23,Thursday,Morning,Delhi,New Delhi,IGI Airport,Intersection,NH,4,High,Fair,Bus,40,Male,3,1,0,Moderate,Distracted Driving,Yes,Yes,60,69,km/h,Rain,28.7,C,0,6.8,Daylight,13,26,1032,AIIMS,5.8,28.559045,77.230484
A00253,2023-11-27,11:16 PM,Monday,Night,Delhi,New Delhi,Lajpat Nagar,Highway stretch,NH,4,High,Poor,car,48,Unknown,5,1,0,Severe,Vehicle Failure,No,Yes,50,46,km/h,Haze,,C,0,5.3,Dusk,21,17,1610,Max Saket,3.4,28.623608,77.196458
A00254,2023-08-31,17:53:31,Thursday,Evening,Delhi,New Delhi,Karol Bagh,Highway stretch,SH,4,Low,Poor,Auto-rickshaw,32,Unknown,1,1,0,Moderate,Vehicle Failure,No,No,100,127,km/h,Clear,26.4,C,0,8.5,Daylight,15,26,0,RML,1.1,28.542954,77.244953
A00255,09/08/2024,11:17:48,Friday,Morning,Delhi,New Delhi,Lajpat Nagar,Residential Area,Rural,1,High,Poor,Bus,,Other,1,,0,Minor,Bad Weather,No,Unknown,50,29,km/h,,19.5,C,0,8,Daylight,16,16,1111,Safdarjung,1.4,28.573761,77.239718
A00256,2023-12-27,10:48:07,Wednesday,Morning,Delhi,New Delhi,Dwarka,Residential Area,NH,2,Low,Poor,Bus,28,Unknown,2,1,0,moderate,Pedestrian Error,Yes,Unknown,40,61,km/h,Thunderstorm,20.3,C,0,7.4,Daylight,21,9,826,Safdarjung,2.7,28.576875,77.18663