accident_id,date,time,day_of_week,time_of_day,state,city,area,location_type,road_type,lanes,traffic_volume,road_condition,vehicle_type,driver_age,driver_gender,persons_involved,injuries,fatalities,severity,cause_primary,alcohol_involved,seatbelt_helmet_used,speed_limit,reported_speed,speed_unit,weather_main,temperature,temp_unit,precipitation_mm,visibility_km,light_conditions,police_response_time_min,ambulance_time_min,fines_issued_inr,nearest_hospital,hospital_distance_km,latitude,longitude
A00427,05/05/2023,7:07:32,Friday,Morning,Delhi,New Delhi,IGI Airport,Near Signal,SH,3,Medium,Under Construction,Auto-rickshaw,48,Unknown,1,0,0,Moderate,Distracted Driving,No,Yes,80,95,km/h,Rain,16.7,C,5.2,6,Night,23,29,1772,Safdarjung,4.4,28.554143,77.236342
A00428,2023-10-17,3:53 PM,Tuesday,Afternoon,Delhi,New Delhi,Saket,Market Area,SH,3,High,Poor,Car,,Unknown,1,2,0,Minor,Alcohol Influence,Yes,Yes,50,82,km/h,Clear,25.4,C,0,2.1,Daylight,9,19,1695,Max Saket,0,28.646544,77.204181
A00429,2025-07-26,11:03 PM,Saturday,Night,Delhi,New Delhi,Saket,Intersection,SH,4,High,Poor,Bus,34,Male,4,0,0,Moderate,Bad Weather,Yes,Yes,100,72,km/h,Dust,83.5,F,7.5,3.7,Night,10,18,839,Fortis Vasant Kunj,5.1,28.647574,77.162729
A00430,22/09/2023,1:50 PM,Friday,Afternoon,Delhi,New Delhi,Karol Bagh,School Zone,Expressway,3,Medium,Good,Auto-rickshaw,20,Unknown,5,0,0,Moderate,Reckless Overtaking,No,Unknown,50,45,km/h,Fog,,F,0,2.9,Night,22,24,1525,Max Saket,5.9,28.553984,77.175421
A00431,2024-02-29,9:29 AM,Thursday,Morning,Delhi,New Delhi,Vasant Kunj,Residential Area,SH,3,Low,Good,Bus,42,Male,2,,0,Minor,,No,No,60,63,km/h,Clear,16.5,C,5.9,3.4,Dawn,4,11,1828,Safdarjung,5.7,28.5234,77.232427
A00432,2024-07-04,21:19:05,Thursday,Night,Delhi,New Delhi,Connaught Place,Near Signal,Expressway,4,Low,Good,Bus,30,Unknown,1,1,0,Minor,Vehicle Failure,Unknown,Yes,50,31.7,mph,Haze,30.6,C,1.9,4.5,Dawn,22,15,1274,LNJP,5.1,28.621008,77.29322
A00433,15/01/2024,19:56:34,Monday,Evening,Delhi,New Delhi,Okhla,Highway stretch,Urban,6,Low,Good,Auto-rickshaw,33,Male,3,2,0,Moderate,overspeeding,No,Unknown,50,59,km/h,Haze,34.2,C,8.8,4.3,Daylight,17,8,0,Apollo Sarita Vihar,0.3,28.641421,77.120082
A00434,06/07/2025,12:24 AM,Sunday,Night,Delhi,New Delhi,Okhla,Market Area,Rural,1,High,Good,Auto-rickshaw,,Other,2,1,0,Minor,Bad Weather,Unknown,Unknown,60,91,km/h,Rain,36.1,C,5.5,7.2,Night,19,28,815,Fortis Vasant Kunj,,28.511105,77.214256
A00435,2023-12-04,8:58 PM,Monday,Evening,Delhi,New Delhi,Lajpat Nagar,Market Area,Urban,2,High,Good,Bus,42,Unknown,3,0,0,Minor,Pedestrian Error,No,No,80,124,km/h,Clear,,C,0,3.2,Daylight,9,12,1147,Fortis Vasant Kunj,7.9,28.594772,77.226924
A00436,2025-04-02,1:23 AM,Wednesday,Night,Delhi,New Delhi,Chandni Chowk,Highway stretch,Rural,6,High,Fair,Auto-rickshaw,70,Unknown,1,0,0,Minor,,Unknown,No,60,66,km/h,Clear,25.6,C,1.5,6.5,Dawn,10,23,1331,Apollo Sarita Vihar,6.6,28.582473,77.14928
A00437,2023-01-04,0:19:19,Wednesday,Night,Delhi,New Delhi,Chandni Chowk,Near Signal,Expressway,2,High,Good,Bicycle,36,Male,1,0,0,Moderate,Overspeeding,No,No,40,53,km/h,Dust,27,C,0.8,4.6,Night,20,8,684,Apollo Sarita Vihar,0.2,28.580335,77.217697
A00438,2025-05-04,9:13 AM,Sunday,Morning,Delhi,New Delhi,Okhla,School Zone,Urban,3,Medium,Good,Auto-rickshaw,,Male,4,1,0,Minor,Overspeeding,No,Unknown,100,60.3,mph,Clear,38.5,C,0,5.9,Night,15,13,1412,AIIMS,5.6,28.626076,77.193697
A00439,2023-07-14,11:51 PM,Friday,Night,Delhi,New Delhi,Saket,Near Signal,Rural,4,Medium,Under Construction,Two-wheeler,34,Unknown,1,0,0,Minor,Overspeeding,Unknown,Yes,40,17,km/h,,21.8,C,8.3,2.2,Dusk,8,22,673,Max Saket,2.9,28.587236,77.272323
A00440,2024-11-29,21:16:15,Friday,Night,Delhi,New Delhi,Dwarka,Near Signal,NH,3,Medium,Poor,Auto-rickshaw,50,Male,1,0,0,Minor,Alcohol Influence,No,Yes,50,66,km/h,Rain,27.6,C,0,8.3,Dawn,7,12,1448,AIIMS,5,28.632342,77.246212
A00441,31/07/2023,9:34:24,Monday,Morning,Delhi,New Delhi,AIIMS,Near Signal,Rural,3,High,Fair,Auto-rickshaw,53,Female,3,0,,Moderate,Overspeeding,Yes,Yes,40,25.5,mph,Clear,32.2,C,3,4.6,Dusk,11,18,889,Safdarjung,7.9,28.596116,77.177428
A00442,07/03/2025,21:16:00,Friday,Night,Delhi,New Delhi,Lajpat Nagar,Near Signal,SH,2,Low,Good,Truck,49,Male,2,,0,minor,Pedestrian Error,Unknown,No,40,19.9,mph,Rain,39.8,C,0,5.9,Night,8,4,831,AIIMS,2.1,28.662024,77.199475
A00443,2024-04-08,8:11:53,Monday,Morning,Delhi,New Delhi,Saket,Intersection,Rural,4,Low,Poor,Auto-rickshaw,36,Female,1,0,0,Minor,Vehicle Failure,No,Unknown,80,102,km/h,Fog,20.5,C,0,3.6,Daylight,8,34,438,Apollo Sarita Vihar,4.1,28.562992,77.257085
A00444,2024-09-07,19:32:22,Saturday,Evening,Delhi,New Delhi,Janakpuri,Intersection,Urban,2,High,Under Construction,Bus,44,Other,2,1,0,Moderate,Vehicle Failure,Yes,No,40,75,km/h,Clear,26.2,C,0,5.4,Night,18,19,1417,Apollo Sarita Vihar,2.1,28.572003,77.133079
A00445,24/06/2025,8:52 PM,Tuesday,Evening,Delhi,New Delhi,Lajpat Nagar,Residential Area,Expressway,1,Medium,Good,Bicycle,52,Male,2,,0,Minor,Vehicle Failure,Yes,No,60,50,km/h,Rain,87.4,F,0,3.8,Dawn,13,18,1077,Safdarjung,,28.568548,77.173766
A00446,25/05/2023,10:36:06,Thursday,Morning,Delhi,New Delhi,AIIMS,Market Area,SH,3,High,Under Construction,Two-wheeler,51,Male,4,2,0,Moderate,Distracted Driving,Yes,Unknown,100,101,km/h,Rain,43.7,C,4.2,6,Daylight,16,13,714,Max Saket,3.3,28.616051,77.244856
A00447,2025-07-25,9:48 PM,Friday,Night,Delhi,New Delhi,Chandni Chowk,Intersection,SH,1,Medium,Fair,Auto-rickshaw,33,Male,1,1,0,Minor,Bad Weather,No,Unknown,100,129,km/h,Clear,,C,0,4.4,Dusk,27,24,626,Max Saket,2.9,28.590284,77.144663
A00448,2025-02-06,6:40 AM,Thursday,Morning,Delhi,New Delhi,Saket,Near Signal,Expressway,3,High,Good,Truck,43,Other,3,1,0,Minor,Vehicle Failure,Unknown,No,50,68,km/h,Haze,27,C,1.7,4.9,Dusk,16,13,1440,Max Saket,5.5,28.590018,77.323378
A00449,27/08/2024,7:33 AM,Tuesday,Morning,Delhi,New Delhi,IGI Airport,Near Signal,Expressway,3,High,Good,auto-rickshaw,,Male,4,1,0,Severe,Alcohol Influence,Unknown,No,80,106,km/h,Fog,93,F,0,3.8,dusk,19,8,564,LNJP,6.3,28.562968,77.174763
A00450,28/06/2023,4:50 AM,Wednesday,Night,Delhi,New Delhi,Vasant Kunj,Intersection,NH,2,Medium,Under Construction,Bicycle,20,Male,1,3,0,Severe,Distracted Driving,No,Yes,100,85,km/h,Thunderstorm,33.9,C,3.2,4,Dawn,35,2,1888,Apollo Sarita Vihar,4.7,28.536079,77.127596
A00451,2023-08-06,3:49 AM,Sunday,Night,Delhi,New Delhi,Janakpuri,Intersection,NH,3,Low,Poor,Auto-rickshaw,40,Male,2,0,0,Moderate,Bad Weather,Yes,Yes,60,38,km/h,Fog,36.2,C,0,4,Night,23,11,749,Apollo Sarita Vihar,7.6,28.655125,77.255445
A00452,2024-05-16,5:36 AM,Thursday,Morning,Delhi,New Delhi,Karol Bagh,Intersection,Urban,3,Low,Good,Truck,29,Male,5,2,0,Fatal,Bad Weather,Unknown,No,100,111,km/h,Rain,23.6,C,5.6,7,Dusk,3,13,1360,Fortis Vasant Kunj,8.2,28.624829,77.186754
A00453,24/02/2024,7:54 AM,Saturday,Morning,Delhi,New Delhi,Saket,Near Signal,Expressway,2,Low,Poor,Car,48,Unknown,3,1,0,Moderate,,Yes,Unknown,80,88,km/h,Fog,38.2,C,0,4.7,Dusk,4,14,1559,Max Saket,3.4,28.625519,77.180594
A00454,2025-04-28,7:15 AM,Monday,Morning,Delhi,New Delhi,Saket,School Zone,Urban,3,Medium,Fair,Truck,,Unknown,1,1,,Moderate,Distracted Driving,Yes,Yes,60,,km/h,Dust,,C,0,6.8,Daylight,11,24,1233,Fortis Vasant Kunj,2.1,28.704347,77.186002
A00455,04/08/2025,16:20:47,Monday,Afternoon,Delhi,New Delhi,IGI Airport,Residential Area,Rural,4,Medium,Under Construction,Bus,37,Other,2,1,0,Severe,Overspeeding,Yes,Unknown,40,12,km/h,Haze,29.5,C,5.2,4.9,Night,25,9,1067,Safdarjung,5.4,28.605641,77.159444
A00456,29/03/2025,12:58:50,Saturday,Afternoon,Delhi,New Delhi,Rohini,Near Signal,Expressway,2,Low,Good,Two-wheeler,,Male,1,0,0,Moderate,Reckless Overtaking,No,No,60,57,km/h,Clear,,C,1.8,2.6,Dawn,14,3,1696,AIIMS,,28.612727,77.183097
A00457,14/03/2024,7:06 PM,Thursday,Evening,Delhi,New Delhi,Karol Bagh,Near Signal,NH,2,Medium,Fair,Car,34,Unknown,1,2,0,fatal,Bad Weather,Unknown,No,40,67,km/h,Clear,24.9,C,0,6.2,Dawn,12,23,1908,AIIMS,2.8,28.585924,77.183736
A00458,17/09/2023,8:12:44,Sunday,Morning,Delhi,New Delhi,Rohini,School Zone,Urban,2,Low,Under Construction,Auto-rickshaw,47,Male,1,0,0,Moderate,Reckless Overtaking,Unknown,No,50,46,km/h,Fog,25.6,C,0,3.4,Daylight,18,20,1385,RML,2.6,28.630182,77.277962
A00459,2023-07-18,1:25 AM,Tuesday,Night,Delhi,New Delhi,IGI Airport,Near Signal,Expressway,3,Medium,Good,Bicycle,24,Unknown,6,1,0,Minor,Reckless Overtaking,Unknown,Yes,50,56,km/h,,26,C,4.6,4.1,Night,21,14,1605,AIIMS,1.8,28.625167,77.279653
A00460,27/05/2024,8:16:29,Monday,Morning,Delhi,New Delhi,Dwarka,School Zone,NH,2,High,Poor,Bicycle,32,Male,6,1,0,Minor,Bad Weather,Unknown,Yes,100,120,km/h,Thunderstorm,24.5,C,0,4.1,Night,19,11,2215,AIIMS,4.6,28.544647,77.267745
A00461,25/04/2025,2:34 AM,Friday,Night,Delhi,New Delhi,Connaught Place,Market Area,Urban,6,Low,Poor,Two-wheeler,30,Male,3,1,0,Moderate,Bad Weather,Unknown,Unknown,100,112,km/h,Dust,,C,5.9,4.8,Daylight,17,22,1517,Safdarjung,1.5,28.617275,77.186381
A00462,2025-04-19,11:28 AM,Saturday,Morning,Delhi,New Delhi,Saket,Residential Area,Expressway,3,High,Fair,Car,45,Unknown,1,3,0,Moderate,Vehicle Failure,Unknown,Unknown,80,101,km/h,Clear,23.7,C,0,4.9,Dusk,29,19,1191,Apollo Sarita Vihar,0.8,28.614244,77.274234
A00463,23/12/2024,6:32 PM,Monday,Evening,Delhi,New Delhi,Janakpuri,Residential Area,SH,4,Low,Poor,Two-wheeler,50,Unknown,4,,0,Severe,Distracted Driving,Yes,No,100,127,km/h,Clear,22.4,C,4.5,3.1,Dawn,12,14,772,RML,6.5,28.656764,77.154307
A00464,15/10/2024,22:08:21,Tuesday,Night,Delhi,New Delhi,Vasant Kunj,Highway stretch,Urban,2,Low,Good,Car,37,Other,1,0,0,Minor,Reckless Overtaking,Unknown,Yes,60,51,km/h,Fog,32.5,C,0,6.4,Dusk,26,8,815,LNJP,3,28.545046,77.247872
A00465,2024-11-26,10:51:34,Tuesday,Morning,Delhi,New Delhi,Karol Bagh,Near Signal,SH,4,High,Good,Bus,26,Male,1,1,0,Minor,Reckless Overtaking,Yes,Yes,80,119,km/h,Fog,22.6,C,0,5.2,Dusk,11,14,317,Safdarjung,5.9,28.563446,77.138977
A00466,14/01/2025,9:35 AM,Tuesday,Morning,Delhi,New Delhi,Janakpuri,Market Area,Expressway,1,High,Poor,Bus,27,Male,1,1,1,Minor,Distracted Driving,No,Unknown,100,107,km/h,Dust,23.4,C,9.5,6,Daylight,14,23,1129,Max Saket,6.8,28.5464,77.229139
A00467,11/10/2024,3:03 AM,Friday,Night,Delhi,New Delhi,Okhla,Highway stretch,Rural,1,Low,Good,Auto-rickshaw,44,Other,1,0,0,Minor,Alcohol Influence,No,Unknown,80,,mph,Dust,59.7,F,0,5.9,Dusk,3,22,879,Max Saket,2,28.669615,77.238413
A00468,25/06/2023,6:14 AM,Sunday,Morning,Delhi,New Delhi,Rohini,Residential Area,Expressway,4,Medium,Fair,Auto-rickshaw,34,Unknown,2,1,0,Moderate,Reckless Overtaking,No,No,50,68,km/h,Fog,40.2,C,4.7,4.8,Dawn,18,24,953,LNJP,2.4,28.613915,77.177129
A00469,11/03/2024,1:17 AM,Monday,Night,Delhi,New Delhi,Okhla,Residential Area,NH,4,High,Fair,Bicycle,33,Unknown,1,2,0,Minor,Pedestrian Error,Unknown,Unknown,100,91,km/h,Haze,22.1,C,0,3.2,Dusk,24,13,0,AIIMS,1.5,28.668661,77.138079
A00470,2024-10-26,4:53 PM,Saturday,Afternoon,Delhi,New Delhi,Karol Bagh,Market Area,SH,3,Medium,Fair,Bicycle,33,Female,5,0,0,Moderate,Reckless Overtaking,No,No,40,29.8,mph,Dust,29.3,C,5.8,3.9,Dusk,14,7,799,Fortis Vasant Kunj,7.2,28.625913,77.191712
A00471,17/05/2025,11:55:57,Saturday,Morning,Delhi,New Delhi,AIIMS,Market Area,SH,3,Medium,Under Construction,Auto-rickshaw,16,Male,1,0,0,Minor,Reckless Overtaking,Yes,No,40,61,km/h,Haze,23.8,C,0,7.9,Night,15,17,1440,Fortis Vasant Kunj,6.9,28.630712,77.16657
A00472,14/03/2024,6:26 AM,Thursday,Morning,Delhi,New Delhi,IGI Airport,Residential Area,NH,6,High,Fair,Bicycle,35,Male,1,2,0,Moderate,Vehicle Failure,Unknown,No,80,57.2,mph,Clear,16.1,C,0,6.4,Daylight,24,12,1330,Apollo Sarita Vihar,7.9,28.541936,77.191175
A00473,2023-01-05,1:33 AM,Thursday,Night,Delhi,New Delhi,Saket,Market Area,Expressway,3,Low,Under Construction,Auto-rickshaw,48,Unknown,2,0,0,Severe,Reckless Overtaking,Unknown,Unknown,100,69.6,mph,,23,C,0,5.2,Daylight,31,10,1156,Safdarjung,5.4,28.581631,77.235121
A00474,07/12/2023,3:51 AM,Thursday,Night,Delhi,New Delhi,Lajpat Nagar,Market Area,Urban,3,Medium,Under Construction,Truck,38,Male,3,3,0,Fatal,,No,Unknown,60,78,km/h,Thunderstorm,20.7,C,0,5.4,Dawn,6,30,1577,Fortis Vasant Kunj,7.4,28.670777,77.16496
A00475,2023-09-10,7:38 PM,Sunday,Evening,Delhi,New Delhi,Connaught Place,Near Signal,SH,3,High,Fair,Car,28,Unknown,1,0,0,minor,Reckless Overtaking,Yes,No,80,89,km/h,Clear,22.6,C,3.2,5.5,Night,30,14,1264,Max Saket,2.9,28.532689,77.163885
A00476,2025-03-20,5:50 PM,Thursday,Evening,Delhi,New Delhi,IGI Airport,Near Signal,Expressway,3,Medium,Fair,Two-wheeler,38,Other,3,0,1,Moderate,Overspeeding,Yes,No,60,59,km/h,Dust,33.2,C,0,2,Night,10,27,1286,Fortis Vasant Kunj,3.7,28.542418,77.193642
A00477,10/11/2023,4:55 PM,Friday,Afternoon,Delhi,New Delhi,Chandni Chowk,School Zone,NH,2,Low,Good,Car,35,Other,1,2,0,Moderate,distracted driving,Unknown,Unknown,100,110,km/h,Fog,21,C,3.2,8,Dusk,17,8,406,Safdarjung,1.9,28.623095,77.252319
A00478,20/04/2024,8:08 AM,Saturday,Morning,Delhi,New Delhi,Okhla,Near Signal,Rural,3,High,Fair,Two-wheeler,35,Male,1,1,0,Minor,reckless overtaking,Yes,Unknown,100,63.4,mph,Fog,40,C,7.5,3.2,Dawn,5,19,1465,Apollo Sarita Vihar,3.8,28.632624,77.249017
A00479,26/01/2023,1:16 AM,Thursday,Night,Delhi,New Delhi,Karol Bagh,School Zone,NH,1,Medium,Fair,Car,21,Unknown,2,4,0,Minor,Reckless Overtaking,Yes,No,100,112,km/h,Dust,16.7,C,0,3.1,Daylight,17,24,1116,Safdarjung,2.3,28.630461,77.212882
A00480,30/04/2025,4:41:25,Wednesday,Night,Delhi,New Delhi,Karol Bagh,Highway stretch,Rural,1,High,Fair,Bus,48,Male,1,5,0,Minor,Overspeeding,No,Unknown,80,44.7,mph,Haze,31.1,C,2.5,9.3,Night,30,21,1248,AIIMS,0.9,28.492799,77.155853
A00481,13/06/2024,19:59:47,Thursday,Evening,Delhi,New Delhi,Lajpat Nagar,Highway stretch,SH,3,High,Good,Bus,21,Female,2,0,0,Moderate,,Unknown,No,60,64,km/h,Clear,24.3,C,0,5,Dusk,7,31,516,Apollo Sarita Vihar,6.4,28.634912,77.143361
A00482,09/07/2024,17:17:01,Tuesday,Evening,Delhi,New Delhi,Dwarka,Residential Area,SH,2,High,Under Construction,Two-wheeler,,Male,3,0,0,Moderate,Reckless Overtaking,Yes,Yes,100,102,km/h,Dust,28,C,8.9,5.3,Night,13,14,894,Apollo Sarita Vihar,3.4,28.60803,77.195887
A00483,14/06/2024,14:41:06,Friday,Afternoon,Delhi,New Delhi,Okhla,Market Area,Expressway,3,Low,Under Construction,Truck,18,Female,2,2,,Moderate,,No,No,100,101,km/h,Haze,56.3,F,0,4.5,Daylight,24,31,1125,Apollo Sarita Vihar,6.7,28.542479,77.170802
A00484,2023-11-12,7:33:18,Sunday,Morning,Delhi,New Delhi,Rohini,Market Area,NH,3,Low,Under Construction,Two-wheeler,59,Female,5,0,,Minor,Alcohol Influence,No,Yes,60,54,km/h,Thunderstorm,,C,10.5,6.3,Daylight,3,11,1884,Safdarjung,2.2,28.516953,77.14871
A00485,2025-03-26,3:01 AM,Wednesday,Night,Delhi,New Delhi,Chandni Chowk,Intersection,Expressway,3,High,Poor,Auto-rickshaw,31,Female,3,1,0,Moderate,Alcohol Influence,No,No,80,114,km/h,Haze,36.7,C,0,5.8,Night,25,35,814,AIIMS,4,28.68833,77.200439
A00486,30/05/2023,21:44:01,Tuesday,Night,Delhi,New Delhi,Rohini,School Zone,SH,3,Medium,Good,Bus,25,Male,2,0,0,Minor,Pedestrian Error,Unknown,Yes,80,103,km/h,Clear,9.6,C,1.3,6.8,Dawn,21,14,1424,Apollo Sarita Vihar,5.9,28.580405,77.228678
A00487,11/03/2023,11:22:22,Saturday,Morning,Delhi,New Delhi,Lajpat Nagar,Market Area,Expressway,3,High,Under Construction,Bus,27,Other,1,0,0,Minor,Reckless Overtaking,Unknown,Yes,50,50,km/h,Clear,36.7,C,0,5.6,Dusk,9,22,395,Max Saket,7.8,28.562609,77.28531
A00488,2023-11-16,8:25 AM,Thursday,Morning,Delhi,New Delhi,Janakpuri,Market Area,SH,2,Medium,Under Construction,Car,21,Other,1,1,0,Severe,Vehicle Failure,Yes,Yes,100,,mph,Dust,29.7,C,0,7.3,Dusk,11,15,450,Safdarjung,1.2,28.606121,77.213551
A00489,2024-07-31,6:11 AM,Wednesday,Morning,Delhi,New Delhi,IGI Airport,Market Area,NH,4,Low,Good,Two-wheeler,39,Other,1,1,0,Moderate,Alcohol Influence,Unknown,Yes,50,45,km/h,Fog,29.5,C,1,6.2,Dawn,29,22,1005,Safdarjung,8.8,28.530437,77.309994
A00490,11/07/2023,10:11 PM,Tuesday,Night,Delhi,New Delhi,Vasant Kunj,Residential Area,SH,2,Medium,Under Construction,Bus,32,Female,1,1,0,Minor,Pedestrian Error,No,Unknown,100,110,km/h,Clear,30,C,0,6.2,Dawn,3,10,661,Fortis Vasant Kunj,5.1,28.647329,77.110225
A00491,2025-04-13,19:53:45,Sunday,Evening,Delhi,New Delhi,Chandni Chowk,School Zone,NH,3,High,Under Construction,Car,42,Unknown,1,4,0,Minor,Distracted Driving,Yes,No,50,88,km/h,Thunderstorm,24.9,C,0,7,Daylight,21,19,289,Fortis Vasant Kunj,2.3,28.605204,77.200156
A00492,2024-09-14,14:15:39,Saturday,Afternoon,Delhi,New Delhi,Saket,Highway stretch,Expressway,1,High,Fair,Two-wheeler,29,Female,4,,0,Minor,,Yes,No,80,68,km/h,Dust,55.4,F,0,3.4,Dawn,5,12,723,Max Saket,7.7,28.558781,77.248186
A00493,2023-05-31,5:09:39,Wednesday,Morning,Delhi,New Delhi,Janakpuri,Residential Area,SH,2,High,Fair,Car,,Female,3,0,0,Minor,Alcohol Influence,No,No,80,62.8,mph,Haze,27.5,C,3.4,5.5,Daylight,13,1,949,AIIMS,7.2,28.563039,77.194967
A00494,26/04/2023,20:04:16,Wednesday,Evening,Delhi,New Delhi,Chandni Chowk,Intersection,NH,4,Low,Poor,Truck,33,Unknown,1,0,0,Moderate,Alcohol Influence,Yes,Yes,50,62,km/h,Rain,35.4,C,0,5.9,Dawn,24,10,422,Max Saket,10.5,28.584218,77.21025
A00495,13/03/2025,9:10 AM,Thursday,Morning,Delhi,New Delhi,Vasant Kunj,School Zone,NH,3,Medium,Good,Bus,38,Male,1,0,0,Minor,Pedestrian Error,Yes,No,80,59,km/h,Fog,39.9,C,2.6,5.3,Dusk,13,24,1712,LNJP,6.5,28.618051,77.275035
A00496,2024-03-30,2:08 AM,Saturday,Night,Delhi,New Delhi,Dwarka,Market Area,Expressway,4,High,Poor,Car,57,Unknown,2,1,0,Severe,Overspeeding,Yes,No,50,66,km/h,Fog,20.8,C,0,7.8,Daylight,17,8,1478,Fortis Vasant Kunj,8,28.579181,77.243625
A00497,2024-05-17,12:31 AM,Friday,Night,Delhi,New Delhi,Okhla,Intersection,Expressway,4,Medium,Poor,Bus,26,Other,2,2,0,Moderate,Vehicle Failure,No,Yes,50,63,km/h,Thunderstorm,37.9,C,0,7.7,Dusk,31,12,515,LNJP,5.8,28.626648,77.243034
A00498,17/10/2024,2:05 AM,Thursday,Night,Delhi,New Delhi,Dwarka,Intersection,SH,2,Medium,Fair,Truck,32,Female,2,1,0,Minor,Bad Weather,No,No,40,28,km/h,,76.3,F,0,6.3,Dusk,19,11,648,RML,4,28.565248,77.238116
A00499,2024-05-05,0:12:39,Sunday,Night,Delhi,New Delhi,Okhla,Highway stretch,Urban,3,Low,Under Construction,Auto-rickshaw,,Unknown,1,1,0,Severe,Reckless Overtaking,Yes,No,60,88,km/h,,25,C,0,6.7,Night,19,3,783,Max Saket,5.6,28.644084,77.198346
A00500,17/08/2023,8:56 AM,Thursday,Morning,Delhi,New Delhi,Chandni Chowk,Market Area,Expressway,2,Low,Under Construction,Two-wheeler,33,Female,1,1,0,Severe,Overspeeding,No,No,60,67,km/h,Clear,31.7,C,8.1,5,Night,22,29,1026,RML,3.9,28.682022,77.204525
A00501,24/06/2025,10:35 AM,Tuesday,Morning,Delhi,New Delhi,Janakpuri,School Zone,Expressway,2,High,Poor,bicycle,35,Unknown,2,3,0,Minor,Overspeeding,Yes,No,60,68,km/h,Haze,23.7,C,0,5.6,Dawn,2,12,788,Fortis Vasant Kunj,0.6,28.660664,77.212407
A00502,04/04/2025,22:30:47,Friday,Night,Delhi,New Delhi,Chandni Chowk,School Zone,Urban,3,Low,Fair,Auto-rickshaw,35,Female,3,2,0,Minor,Bad Weather,No,Unknown,60,,km/h,Fog,73.6,F,0,5.8,Dusk,25,25,607,AIIMS,5.9,28.613272,77.270972
A00503,2025-06-26,3:17 AM,Thursday,Night,Delhi,New Delhi,Vasant Kunj,Residential Area,SH,2,Medium,Under Construction,Truck,,Unknown,1,0,,Minor,,Yes,Yes,60,82,km/h,,30.1,C,0,4.7,Dawn,11,7,551,Safdarjung,4,28.615896,77.222932
A00504,2025-08-15,1:49 AM,Friday,Night,Delhi,New Delhi,Saket,Market Area,SH,2,Low,Fair,Auto-rickshaw,29,Female,1,1,0,Minor,Alcohol Influence,No,No,50,65,km/h,Fog,25.9,C,6.7,8.8,Daylight,18,28,1035,Apollo Sarita Vihar,4.7,28.612824,77.299655
A00505,2023-05-10,3:47 PM,Wednesday,Afternoon,Delhi,New Delhi,Rohini,Market Area,SH,2,High,Under Construction,Truck,28,Unknown,2,3,0,Moderate,Overspeeding,Yes,No,40,59,km/h,Dust,26.4,C,0,5.1,Dawn,8,17,731,LNJP,3.4,28.590119,77.223357
A00506,26/07/2025,9:01 PM,Saturday,Night,Delhi,New Delhi,Lajpat Nagar,Highway stretch,NH,3,Low,Poor,Two-wheeler,,Female,1,0,0,Severe,Alcohol Influence,No,No,50,35,km/h,Haze,43.7,C,0,6.2,Dawn,33,32,1296,Safdarjung,4.8,28.671385,77.286331
A00507,20/06/2023,21:36:28,Tuesday,Night,Delhi,New Delhi,Okhla,Market Area,Urban,3,Low,Good,Two-wheeler,56,Female,2,3,0,Minor,Vehicle Failure,Unknown,No,50,,km/h,Dust,34.8,C,0,2.7,Dusk,20,2,941,AIIMS,8.4,28.613135,77.124299
A00508,15/02/2023,12:03 AM,Wednesday,Night,Delhi,New Delhi,Dwarka,School Zone,Rural,2,Low,Poor,Car,54,Other,6,,0,Minor,Distracted Driving,No,Unknown,40,34.2,mph,,,C,0,1,Dawn,13,10,44,RML,3.3,28.555828,77.255401
A00509,26/04/2025,9:43 PM,Saturday,Night,Delhi,New Delhi,Chandni Chowk,Market Area,SH,6,Medium,Under Construction,Bus,26,Unknown,1,1,0,Moderate,Reckless Overtaking,No,Yes,60,71,km/h,Fog,23.7,C,3,4.9,Night,15,2,230,LNJP,0.1,28.616626,77.257729
A00510,18/03/2025,1:43:52,Tuesday,Night,Delhi,New Delhi,Connaught Place,Near Signal,NH,3,Low,Good,Bus,38,Male,1,2,0,Minor,Pedestrian Error,No,Unknown,50,40,km/h,Clear,24.3,C,4.9,2.7,Dusk,9,23,903,Apollo Sarita Vihar,7.3,28.625604,77.250829
A00511,2023-04-09,23:58:31,Sunday,Night,Delhi,New Delhi,Janakpuri,Highway stretch,Expressway,2,Low,Under Construction,Auto-rickshaw,42,Unknown,1,2,,Minor,Bad Weather,Yes,Yes,80,80,km/h,Dust,32.9,C,0,8.5,Dusk,8,20,1930,LNJP,6.9,28.647456,77.252596