accident_id,date,time,day_of_week,time_of_day,state,city,area,location_type,road_type,lanes,traffic_volume,road_condition,vehicle_type,driver_age,driver_gender,persons_involved,injuries,fatalities,severity,cause_primary,alcohol_involved,seatbelt_helmet_used,speed_limit,reported_speed,speed_unit,weather_main,temperature,temp_unit,precipitation_mm,visibility_km,light_conditions,police_response_time_min,ambulance_time_min,fines_issued_inr,nearest_hospital,hospital_distance_km,latitude,longitude
A00512,14/06/2024,6:16:02,Friday,Morning,Delhi,New Delhi,Vasant Kunj,Intersection,Urban,3,Medium,Fair,Truck,,Female,1,2,0,Moderate,Alcohol Influence,Unknown,Yes,50,53,km/h,Clear,31,C,0,4.3,Night,16,12,808,RML,,28.606241,77.166199
A00513,2024-01-06,3:25:40,Saturday,Night,Delhi,New Delhi,IGI Airport,School Zone,Expressway,2,Medium,Poor,Bicycle,26,Female,1,3,0,Minor,Alcohol Influence,Unknown,Yes,100,110,km/h,Haze,33.8,C,0.9,4.7,Night,4,19,791,Safdarjung,1.2,28.600628,77.199276
A00514,2025-04-10,19:09:14,Thursday,Evening,Delhi,New Delhi,Rohini,Residential Area,NH,3,Medium,Fair,Bus,20,Male,1,0,0,Moderate,Distracted Driving,Unknown,Unknown,40,71,km/h,Thunderstorm,20,C,8.5,6.1,Dawn,22,9,1084,Apollo Sarita Vihar,4.3,28.549609,77.165616
A00515,07/03/2023,1:34 PM,Tuesday,Afternoon,Delhi,New Delhi,Janakpuri,Near Signal,SH,3,Low,Poor,Bus,29,Male,3,1,0,Minor,Alcohol Influence,Yes,No,80,66,km/h,Dust,30,C,3.5,6.6,Daylight,9,26,854,RML,7.9,28.772728,77.206093
A00516,24/03/2024,19:42:08,Sunday,Evening,Delhi,New Delhi,Lajpat Nagar,School Zone,NH,2,Medium,Under Construction,Auto-rickshaw,31,Unknown,4,0,0,Severe,distracted driving,Unknown,Unknown,100,,km/h,Rain,26.3,C,0,3.4,Night,7,44,753,AIIMS,13.2,28.589845,77.180353
A00517,18/05/2024,2:48 AM,Saturday,Night,Delhi,New Delhi,IGI Airport,Highway stretch,Rural,2,Medium,Poor,Bicycle,22,Male,1,1,0,Minor,Reckless Overtaking,No,Unknown,50,75,km/h,Rain,27.6,C,0,3.8,Dawn,18,13,1042,Safdarjung,8.1,28.698314,77.226279
A00518,24/03/2023,10:16 AM,Friday,Morning,Delhi,New Delhi,Connaught Place,Residential Area,Rural,4,Medium,Good,Car,23,Unknown,2,0,0,Minor,Distracted Driving,Yes,Unknown,100,96,km/h,Fog,30.5,C,1.8,9.2,Dawn,11,20,223,Safdarjung,6.6,28.54387,77.221773
A00519,07/08/2025,11:49 PM,Thursday,Night,Delhi,New Delhi,Dwarka,School Zone,SH,3,Medium,Under Construction,Two-wheeler,,Male,1,2,0,Fatal,Distracted Driving,No,Yes,60,39.8,mph,Haze,35.6,C,0,4.4,Dusk,24,27,1202,LNJP,7.5,28.661593,77.147312
A00520,2023-06-12,14:34:41,Monday,Afternoon,Delhi,New Delhi,Janakpuri,Market Area,Rural,3,High,Fair,Auto-rickshaw,27,Female,1,1,0,Moderate,Bad Weather,Unknown,Unknown,80,69,km/h,Dust,18.5,C,0,8.1,Night,23,24,1352,Max Saket,4.8,28.586955,77.210893
A00521,04/03/2025,12:52 PM,Tuesday,Afternoon,Delhi,New Delhi,Dwarka,Highway stretch,Expressway,3,High,Poor,Car,29,Male,4,1,0,Minor,Distracted Driving,Yes,Yes,60,76,km/h,Thunderstorm,22.9,C,0,6.8,Daylight,17,25,833,Apollo Sarita Vihar,1.2,28.611072,77.302561
A00522,30/12/2023,13:39:49,Saturday,Afternoon,Delhi,New Delhi,Vasant Kunj,Highway stretch,Urban,3,Medium,Fair,Bicycle,17,Male,2,1,0,Moderate,Alcohol Influence,Unknown,No,60,69,km/h,Fog,,F,0,4.7,Night,20,15,1775,LNJP,6.4,28.57585,77.202522
A00523,2025-02-07,2:55:53,Friday,Night,Delhi,New Delhi,Connaught Place,Highway stretch,Expressway,2,Low,Good,Car,19,Male,1,0,0,Severe,distracted driving,Yes,Yes,100,122,km/h,Haze,26,C,0,3.7,Daylight,20,10,0,Apollo Sarita Vihar,6.8,28.631045,77.305954
A00524,2023-03-30,2:05 AM,Thursday,Night,Delhi,New Delhi,Connaught Place,School Zone,NH,3,Low,Poor,Truck,22,Unknown,5,1,0,Fatal,Pedestrian Error,Yes,Unknown,60,,km/h,Haze,26.5,C,0,5.7,Daylight,7,21,578,LNJP,6.3,28.579641,77.258653
A00525,2024-10-06,11:34:33,Sunday,Morning,Delhi,New Delhi,Dwarka,School Zone,NH,3,High,Fair,Bicycle,27,Unknown,4,0,0,Minor,Overspeeding,Unknown,Unknown,100,116,km/h,Clear,73.2,F,0,5.5,Dusk,28,18,687,LNJP,5.1,28.524497,77.187768
A00526,2023-03-07,0:29:56,Tuesday,Night,Delhi,New Delhi,IGI Airport,Residential Area,NH,1,Medium,Good,Car,,Male,3,1,0,Moderate,Alcohol Influence,No,Unknown,100,102,km/h,Rain,30,C,0,5,Daylight,11,6,287,Apollo Sarita Vihar,5.4,28.655087,77.265583
A00527,26/08/2024,5:37 PM,Monday,Evening,Delhi,New Delhi,Connaught Place,Near Signal,Expressway,2,High,Good,Two-wheeler,17,Unknown,2,1,0,Minor,Alcohol Influence,Yes,No,80,93,km/h,dust,29.5,C,0,5.1,Dusk,18,6,0,RML,3.4,28.669363,77.147568
A00528,13/10/2023,17:41:00,Friday,Evening,Delhi,New Delhi,Rohini,Residential Area,NH,3,Medium,Under Construction,Two-wheeler,,Male,1,1,0,Severe,Distracted Driving,Unknown,No,100,,km/h,Haze,27.7,C,3.5,4.5,Daylight,20,20,360,Max Saket,4.3,28.638732,77.193738
A00529,17/02/2025,12:18:49,Monday,Afternoon,Delhi,New Delhi,Vasant Kunj,Residential Area,Urban,2,High,Poor,Bus,,Male,2,0,0,Minor,Distracted Driving,Unknown,Yes,80,88,km/h,Rain,35.3,C,0,1.9,Night,5,21,299,Max Saket,0.1,28.560548,77.221143
A00530,27/05/2023,7:09 PM,Saturday,Evening,Delhi,New Delhi,Karol Bagh,Near Signal,NH,2,High,Good,bus,33,Female,2,2,0,Severe,Distracted Driving,Yes,Unknown,100,59.7,mph,Clear,18.3,C,0,3,Night,11,23,630,Max Saket,5.3,28.634691,77.252312
A00531,02/06/2023,22:52:16,Friday,Night,Delhi,New Delhi,Vasant Kunj,Residential Area,SH,4,Low,Good,Truck,20,Other,1,1,0,minor,Bad Weather,No,No,80,60.3,mph,Fog,24.5,C,1.8,0.3,Night,5,33,710,AIIMS,0.9,28.637469,77.175448
A00532,2023-01-02,10:50 AM,Monday,Morning,Delhi,New Delhi,Connaught Place,School Zone,Urban,3,High,Under Construction,Two-wheeler,50,Female,3,,0,Moderate,Bad Weather,Unknown,No,80,104,km/h,Clear,38.7,C,4.3,4.4,Daylight,11,6,1194,LNJP,,28.559899,77.146102
A00533,2024-01-14,5:41:25,Sunday,Morning,Delhi,New Delhi,Vasant Kunj,Highway stretch,Expressway,1,Medium,Fair,Bicycle,,Female,2,0,1,Minor,Pedestrian Error,No,Yes,50,52,km/h,Dust,30.6,C,0,7.3,Dusk,1,16,678,AIIMS,5.7,28.693593,77.215212
A00534,2023-11-23,12:35 PM,Thursday,Afternoon,Delhi,New Delhi,Okhla,Market Area,Rural,3,Medium,Good,Two-wheeler,42,Unknown,3,1,,Minor,Pedestrian Error,No,No,80,107,km/h,Dust,34.2,C,0,7.4,Daylight,27,19,1105,Max Saket,1.2,28.573508,77.187217
A00535,2023-05-18,7:55:46,Thursday,Morning,Delhi,New Delhi,Saket,Intersection,Rural,3,Medium,Under Construction,Bicycle,45,Male,3,0,0,Minor,Alcohol Influence,No,No,100,117,km/h,Thunderstorm,0.6,C,0,6,Dawn,27,24,352,LNJP,7.1,28.686157,77.227554
A00536,25/06/2023,10:14:16,Sunday,Morning,Delhi,New Delhi,Karol Bagh,Highway stretch,Urban,2,Low,Poor,Truck,57,Unknown,3,1,0,Moderate,Overspeeding,Yes,Yes,60,,km/h,Dust,,C,5,4.8,Daylight,19,16,1103,Fortis Vasant Kunj,5.2,28.599561,77.193643
A00537,2023-01-29,3:23 AM,Sunday,Night,Delhi,New Delhi,Lajpat Nagar,Highway stretch,NH,4,Medium,Under Construction,Auto-rickshaw,38,Male,4,0,0,Minor,Overspeeding,Unknown,Unknown,60,59,km/h,Thunderstorm,28.5,C,1,7.2,Dawn,25,15,712,AIIMS,7.4,28.586367,77.147885
A00538,20/02/2025,1:17 PM,Thursday,Afternoon,Delhi,New Delhi,Lajpat Nagar,Near Signal,Urban,3,Medium,Poor,Two-wheeler,33,Female,1,2,0,Moderate,Alcohol Influence,No,Yes,50,81,km/h,Clear,21.8,C,0,3.4,Dawn,11,10,1303,Apollo Sarita Vihar,2.1,28.600741,77.194639
A00539,2023-12-12,12:04:05,Tuesday,Afternoon,Delhi,New Delhi,Vasant Kunj,School Zone,Expressway,2,Low,Good,Bicycle,34,Male,1,,0,Fatal,Reckless Overtaking,Yes,No,80,78,km/h,Haze,23.2,C,0,5.7,Night,11,28,2504,Max Saket,14.8,28.591042,77.169291
A00540,04/11/2024,19:14:02,Monday,Evening,Delhi,New Delhi,Karol Bagh,School Zone,NH,2,High,Good,Bicycle,31,Female,5,2,0,Minor,Reckless Overtaking,Unknown,Unknown,100,95,km/h,Rain,34.9,C,0,3.6,Dawn,2,21,1563,LNJP,4.7,28.526566,77.196329
A00541,2025-07-10,6:18 AM,Thursday,Morning,Delhi,New Delhi,Lajpat Nagar,Intersection,NH,2,Medium,Under Construction,Bus,41,Unknown,2,7,0,Moderate,Alcohol Influence,Unknown,Unknown,50,66,km/h,Clear,38.5,C,0,4,Daylight,17,24,1380,LNJP,,28.621997,77.21844
A00542,2025-08-17,12:27 AM,Sunday,Night,Delhi,New Delhi,Dwarka,Intersection,Rural,3,Low,Fair,Bus,,Unknown,1,1,0,Fatal,Distracted Driving,No,No,40,50,km/h,Dust,18.3,C,1.5,6.1,Night,0,19,1987,RML,4.4,28.65118,77.21784
A00543,21/03/2025,10:57:27,Friday,Morning,Delhi,New Delhi,IGI Airport,School Zone,NH,2,High,Good,Auto-rickshaw,26,Other,1,2,,Minor,Reckless Overtaking,Yes,Unknown,60,68,km/h,Thunderstorm,19.7,C,0,8.8,Dawn,9,23,1314,RML,2.2,28.559559,77.18175
A00544,2023-08-03,8:12 AM,Thursday,Morning,Delhi,New Delhi,IGI Airport,Highway stretch,NH,2,High,Good,Bus,29,Male,2,1,0,Moderate,Reckless Overtaking,Unknown,Yes,80,95,km/h,Thunderstorm,28.7,C,0,7.8,Daylight,21,10,864,RML,3.3,28.499963,77.211568
A00545,11/11/2024,6:07 PM,Monday,Evening,Delhi,New Delhi,Chandni Chowk,Near Signal,Rural,3,Low,Fair,Two-wheeler,,Unknown,3,1,0,Severe,Reckless Overtaking,Unknown,Yes,100,,km/h,Dust,32.2,C,0,4.5,Dusk,5,32,1295,LNJP,11.3,28.641327,77.170369
A00546,2023-09-28,9:59 PM,Thursday,Night,Delhi,New Delhi,Dwarka,Market Area,Urban,3,Medium,Under Construction,Bicycle,40,Other,1,0,0,Minor,Overspeeding,Unknown,No,100,60.3,mph,Rain,35.7,C,0,3.1,Dawn,13,25,1157,LNJP,6.3,28.586027,77.186029
A00547,09/01/2023,9:14 AM,Monday,Morning,Delhi,New Delhi,Chandni Chowk,Intersection,NH,4,Low,Under Construction,Bus,45,Unknown,1,1,0,Severe,Distracted Driving,No,Unknown,60,81,km/h,Thunderstorm,24.4,C,0,4.2,Dusk,15,24,434,RML,3.8,28.642244,77.251679
A00548,07/08/2024,11:04:46,Wednesday,Morning,Delhi,New Delhi,Vasant Kunj,Near Signal,Expressway,4,High,Good,Two-wheeler,,Unknown,2,1,0,Minor,Reckless Overtaking,Unknown,Yes,80,101,km/h,Thunderstorm,16.6,C,4.8,3.5,Night,14,24,1174,AIIMS,5.6,28.560675,77.23621
A00549,2023-02-16,9:57 AM,Thursday,Morning,Delhi,New Delhi,IGI Airport,School Zone,NH,3,Low,Poor,Bus,22,Male,5,,0,Minor,Distracted Driving,Yes,Yes,40,74,km/h,Thunderstorm,21.7,C,5.2,3.6,Dawn,17,4,1036,RML,1.6,28.552788,77.266032
A00550,2024-05-17,6:49 PM,Friday,Evening,Delhi,New Delhi,Karol Bagh,Market Area,NH,3,High,Poor,Two-wheeler,33,Other,4,0,0,Minor,Vehicle Failure,No,No,100,106,km/h,Fog,,C,2.5,5,Dawn,8,15,2300,LNJP,6,28.63157,77.207002
A00551,17/08/2025,13:27:02,Sunday,Afternoon,Delhi,New Delhi,Chandni Chowk,Intersection,SH,3,Medium,Under Construction,Auto-rickshaw,30,Female,4,0,0,Severe,Pedestrian Error,Unknown,Yes,50,12.4,mph,,80.2,F,0,4.7,dawn,22,18,756,Max Saket,3.3,28.618755,77.234637
A00552,10/09/2023,2:17 PM,Sunday,Afternoon,Delhi,New Delhi,Chandni Chowk,Residential Area,SH,4,High,Poor,Bicycle,39,Other,1,1,0,Moderate,overspeeding,Unknown,No,40,65,km/h,Fog,25.3,C,1.7,3.1,Dawn,23,22,285,LNJP,8.1,28.535431,77.192859
A00553,18/03/2024,9:21:46,Monday,Morning,Delhi,New Delhi,Okhla,Market Area,NH,2,High,Good,Truck,36,Male,3,,0,Minor,Distracted Driving,No,Yes,80,,km/h,Clear,24.7,C,0,4.5,Night,15,32,526,Max Saket,4,28.624702,77.280824
A00554,25/11/2023,6:26 AM,Saturday,Morning,Delhi,New Delhi,IGI Airport,Intersection,SH,2,High,Under Construction,Car,39,Other,1,1,0,Severe,Pedestrian Error,No,No,100,119,km/h,Rain,33.7,C,0,7.5,Dawn,20,19,1959,RML,3.9,28.604897,77.19311
A00555,06/01/2023,2:26:27,Friday,Night,Delhi,New Delhi,Karol Bagh,School Zone,Rural,2,Low,Poor,Bicycle,37,Female,4,1,0,Minor,Reckless Overtaking,Unknown,Yes,40,81,km/h,Clear,24.3,C,0,4.9,Dusk,10,18,897,Safdarjung,8.8,28.648021,77.276043
A00556,07/06/2024,11:01 PM,Friday,Night,Delhi,New Delhi,Saket,Residential Area,NH,2,High,Under Construction,Bicycle,,Female,4,2,0,Moderate,Bad Weather,No,Unknown,100,73.9,mph,Dust,19.5,C,0,7.1,Night,18,23,578,LNJP,4.8,28.544234,77.196231
A00557,2025-08-31,7:22:33,Sunday,Morning,Delhi,New Delhi,AIIMS,Highway stretch,SH,4,Low,Poor,Bicycle,21,Female,1,1,0,Moderate,Vehicle Failure,Unknown,Unknown,50,65,km/h,Thunderstorm,85.3,F,1,6.1,Dawn,12,0,933,LNJP,7,28.519498,77.204667
A00558,2024-05-13,9:39:45,Monday,Morning,Delhi,New Delhi,Saket,School Zone,Rural,4,High,Good,Bicycle,64,Unknown,5,0,0,Minor,Vehicle Failure,Unknown,Yes,50,78,km/h,Dust,,C,0,6.6,Daylight,16,25,384,RML,1.1,28.57571,77.153866
A00559,2025-07-23,9:25 PM,Wednesday,Night,Delhi,New Delhi,Chandni Chowk,School Zone,NH,3,Low,Fair,Car,,Female,1,1,0,Minor,,Yes,Yes,100,92,km/h,Rain,25.8,C,7.4,3.1,Dusk,10,8,1174,Apollo Sarita Vihar,6.8,28.602408,77.22767
A00560,2024-04-29,10:41:38,Monday,Morning,Delhi,New Delhi,AIIMS,School Zone,Expressway,4,High,Under Construction,Auto-rickshaw,34,Female,1,1,0,Minor,Overspeeding,Yes,Yes,40,75,km/h,Dust,,C,7,6.8,Daylight,13,41,1993,Apollo Sarita Vihar,6.3,28.645046,77.207484
A00561,28/11/2024,10:46 PM,Thursday,Night,Delhi,New Delhi,IGI Airport,Residential Area,Urban,3,High,Good,Bus,24,Unknown,3,0,0,Moderate,Overspeeding,Unknown,No,50,74,km/h,Rain,17.6,C,0,6.1,Dawn,17,15,1201,LNJP,4,28.574862,77.170795
A00562,2025-07-16,4:36 PM,Wednesday,Afternoon,Delhi,New Delhi,Saket,Market Area,Expressway,6,High,Under Construction,Car,17,Female,1,0,0,Moderate,bad weather,No,Unknown,50,50,km/h,,34.9,C,0,3.3,dusk,2,19,818,RML,6.5,28.560134,77.134582
A00563,05/12/2023,8:47 AM,Tuesday,Morning,Delhi,New Delhi,Vasant Kunj,School Zone,NH,2,Low,Poor,Car,27,Female,1,0,0,Severe,Vehicle Failure,No,Unknown,40,52,km/h,Haze,12.8,C,4,4.1,Dusk,14,19,360,Apollo Sarita Vihar,6.4,28.496835,77.17856
A00564,2025-08-12,0:09:48,Tuesday,Night,Delhi,New Delhi,Chandni Chowk,Intersection,NH,2,High,Fair,Bicycle,33,Other,2,0,0,Minor,Overspeeding,No,No,100,112,km/h,Thunderstorm,26.8,C,0,7.1,Dusk,6,14,1342,Max Saket,4.7,28.533122,77.158135
A00565,2024-03-01,5:41 PM,Friday,Evening,Delhi,New Delhi,Connaught Place,Intersection,Urban,2,Low,Fair,Auto-rickshaw,22,Male,1,0,0,Minor,,Unknown,No,100,132,km/h,Clear,34.2,C,0,6.4,Daylight,15,35,1789,Apollo Sarita Vihar,5.1,28.554363,77.126275
A00566,20/02/2025,1:03 PM,Thursday,Afternoon,Delhi,New Delhi,AIIMS,Near Signal,Rural,4,Medium,Under Construction,Truck,24,Unknown,1,1,0,Moderate,Pedestrian Error,No,Yes,80,107,km/h,Thunderstorm,26.8,C,0,4.6,Dawn,17,13,821,LNJP,5.7,28.557646,77.166428
A00567,2023-09-26,11:59:07,Tuesday,Morning,Delhi,New Delhi,Okhla,Intersection,SH,3,Medium,Fair,Auto-rickshaw,30,Unknown,1,0,0,Minor,Overspeeding,Yes,No,100,100,km/h,Clear,38.7,C,0,3.2,Night,15,21,910,LNJP,1.3,28.563103,77.108112
A00568,15/10/2024,5:51 PM,Tuesday,Evening,Delhi,New Delhi,Lajpat Nagar,Residential Area,Rural,2,High,Fair,Car,52,Female,1,1,0,Minor,Overspeeding,Unknown,No,40,41.6,mph,Dust,28.4,C,4.2,5,Night,26,20,1634,Max Saket,6.6,28.511272,77.223038
A00569,2024-04-27,23:08:02,Saturday,Night,Delhi,New Delhi,Karol Bagh,Near Signal,NH,4,Medium,Fair,Bus,34,Unknown,2,0,0,Minor,Bad Weather,Unknown,Yes,100,57.8,mph,Haze,23.3,C,2.2,6.1,Daylight,3,22,943,Safdarjung,9.2,28.531877,77.220979
A00570,15/06/2024,22:04:03,Saturday,Night,Delhi,New Delhi,Vasant Kunj,Intersection,Urban,4,High,Under Construction,Two-wheeler,65,Other,3,2,0,Fatal,Overspeeding,Yes,Yes,50,92,km/h,Rain,17.7,C,0,4.8,Daylight,14,1,945,Apollo Sarita Vihar,3.8,28.64696,77.225364
A00571,25/06/2024,11:41 PM,Tuesday,Night,Delhi,New Delhi,Chandni Chowk,Residential Area,Urban,3,Low,Poor,Two-wheeler,41,Female,1,0,0,Severe,Overspeeding,Unknown,Unknown,100,120,km/h,Haze,22.7,C,4.4,5,Dusk,17,16,2101,RML,3.8,28.621311,77.1666
A00572,17/03/2024,7:54:18,Sunday,Morning,Delhi,New Delhi,IGI Airport,Market Area,NH,4,Medium,Fair,Bus,39,Other,3,1,0,Severe,,Unknown,No,100,112,km/h,Rain,75.2,F,0,5,Dawn,11,13,822,Max Saket,3.5,28.574963,77.18464
A00573,05/04/2023,0:25:27,Wednesday,Night,Delhi,New Delhi,Saket,Market Area,Expressway,2,High,Under Construction,Truck,34,Female,3,1,0,Minor,Pedestrian Error,Yes,Yes,80,53.4,mph,Haze,21.7,C,0,5,Night,14,15,786,Safdarjung,8.8,28.580359,77.092495
A00574,27/04/2024,8:08 AM,Saturday,Morning,Delhi,New Delhi,Dwarka,Near Signal,Urban,4,Low,Good,Two-wheeler,22,Other,2,0,0,Fatal,Overspeeding,Yes,Unknown,100,121,km/h,Rain,26.7,C,0,8.5,Daylight,17,16,1677,Fortis Vasant Kunj,4.3,28.569811,77.27592
A00575,2025-05-02,8:49 PM,Friday,Evening,Delhi,New Delhi,AIIMS,Intersection,Expressway,2,Low,Good,Truck,,Unknown,2,,0,Fatal,Overspeeding,No,Unknown,80,84,km/h,haze,94.6,F,0,6.2,Night,21,5,1216,RML,0.6,28.649924,77.146459
A00576,20/12/2023,22:15:59,Wednesday,Night,Delhi,New Delhi,Vasant Kunj,Residential Area,Urban,1,High,Under Construction,Car,26,Unknown,3,2,1,Minor,Alcohol Influence,No,Yes,40,49,km/h,Haze,12.8,C,1.6,4.6,Dusk,10,17,870,Max Saket,3.4,28.623849,77.208082
A00577,2024-10-06,20:41:56,Sunday,Evening,Delhi,New Delhi,Dwarka,School Zone,Expressway,2,Medium,Under Construction,Bicycle,,Male,1,2,0,Minor,Pedestrian Error,Yes,Yes,40,48.5,mph,Dust,33.8,C,2.4,5.5,Night,3,19,1269,Apollo Sarita Vihar,0,28.615106,77.286994
A00578,03/02/2024,10:08 PM,Saturday,Night,Delhi,New Delhi,Vasant Kunj,Near Signal,Urban,2,Medium,Under Construction,Auto-rickshaw,,Female,1,1,0,Moderate,Bad Weather,No,Unknown,60,67,km/h,Rain,31.3,C,0,0.3,Dusk,3,22,608,Apollo Sarita Vihar,1.9,28.580025,77.208955
A00579,2023-08-03,12:50 PM,Thursday,Afternoon,Delhi,New Delhi,AIIMS,Near Signal,Rural,4,High,Under Construction,Bicycle,39,Unknown,1,2,0,Minor,Vehicle Failure,No,Unknown,100,125,km/h,Clear,29,C,0,6.2,Daylight,29,14,1556,Max Saket,7.3,28.615791,77.312767
A00580,2024-12-03,11:49 PM,Tuesday,Night,Delhi,New Delhi,AIIMS,School Zone,Urban,2,High,Under Construction,Two-wheeler,,Other,2,2,1,Moderate,Vehicle Failure,Unknown,Unknown,60,81,km/h,Clear,20.8,C,0,7.9,Daylight,9,23,889,RML,9.1,28.578763,77.205306
A00581,2024-02-19,7:35 AM,Monday,Morning,Delhi,New Delhi,Okhla,Market Area,Rural,1,High,Poor,Bus,31,Male,1,3,0,Fatal,Pedestrian Error,Yes,No,40,81,km/h,,30.6,C,0,4.7,Daylight,9,31,539,Fortis Vasant Kunj,1.1,28.602033,77.188524
A00582,11/12/2023,8:44 PM,Monday,Evening,Delhi,New Delhi,IGI Airport,Highway stretch,Expressway,4,Medium,Under Construction,Bicycle,26,Unknown,2,1,0,Fatal,Reckless Overtaking,Unknown,No,80,73,km/h,Dust,,C,0,4.5,Dawn,4,9,923,Max Saket,5.1,28.449361,77.157937
A00583,01/01/2023,7:31 PM,Sunday,Evening,Delhi,New Delhi,Janakpuri,School Zone,NH,2,Low,Poor,Truck,,Other,2,3,0,Moderate,Reckless Overtaking,No,Unknown,40,31,km/h,Fog,40,C,0,7,Dusk,7,37,1221,Max Saket,2.9,28.640873,77.311398
A00584,2025-03-03,7:37 PM,Monday,Evening,Delhi,New Delhi,Vasant Kunj,Market Area,Expressway,3,Low,Good,Bicycle,46,Other,5,0,0,Moderate,Overspeeding,Unknown,Unknown,80,86,km/h,Fog,27.6,C,0,9.2,Night,14,21,2052,AIIMS,7.1,28.664581,77.15551
A00585,24/09/2023,16:38:22,Sunday,Afternoon,Delhi,New Delhi,Janakpuri,Residential Area,Expressway,3,High,Fair,Auto-rickshaw,22,Other,1,0,0,Minor,Alcohol Influence,No,No,50,61,km/h,Haze,31.5,C,5.3,3.4,Dusk,17,20,428,Safdarjung,2.3,28.635753,77.158882
A00586,2024-08-11,15:47:52,Sunday,Afternoon,Delhi,New Delhi,Saket,Near Signal,Rural,2,High,Under Construction,Car,,Female,4,2,0,Minor,Bad Weather,Yes,Yes,100,114,km/h,,24,C,5.2,7.1,Dusk,6,20,1052,Safdarjung,3.8,28.560419,77.12886
A00587,05/06/2025,9:12 AM,Thursday,Morning,Delhi,New Delhi,Vasant Kunj,Near Signal,NH,2,Medium,Under Construction,car,40,Male,1,0,0,Minor,,Yes,No,80,92,km/h,Clear,84.9,F,0,8.6,Dusk,19,26,967,Apollo Sarita Vihar,,28.546797,77.241154
A00588,18/01/2023,7:10 AM,Wednesday,Morning,Delhi,New Delhi,Chandni Chowk,Highway stretch,Urban,3,Low,Good,Two-wheeler,20,Female,4,2,0,Minor,Alcohol Influence,Unknown,No,60,75,km/h,,22.3,C,2.3,6.7,Dusk,34,16,237,AIIMS,6.1,28.602762,77.143062
A00589,14/04/2024,12:52:52,Sunday,Afternoon,Delhi,New Delhi,Rohini,Highway stretch,Expressway,3,Medium,Under Construction,Auto-rickshaw,16,Unknown,4,1,0,Minor,Overspeeding,No,Yes,80,108,km/h,Thunderstorm,60.1,F,0,5.4,Daylight,6,27,794,Apollo Sarita Vihar,8.1,28.589327,77.216141
A00590,2025-04-24,19:55:08,Thursday,Evening,Delhi,New Delhi,IGI Airport,Residential Area,Urban,3,High,Poor,Bicycle,30,Unknown,7,0,0,Moderate,Reckless Overtaking,No,Unknown,40,46,km/h,Rain,83.5,F,0,3.6,Dawn,29,17,1298,AIIMS,2.5,28.647368,77.21963
A00591,2023-03-26,18:41:31,Sunday,Evening,Delhi,New Delhi,Vasant Kunj,Market Area,Expressway,2,Medium,Fair,Car,,Female,1,0,0,Moderate,Bad Weather,Unknown,No,50,79,km/h,Rain,31.6,C,0,5.8,Dusk,20,25,1263,Fortis Vasant Kunj,8.5,28.621086,77.189618
A00592,28/04/2024,9:00 AM,Sunday,Morning,Delhi,New Delhi,Karol Bagh,Residential Area,NH,2,High,Under Construction,Truck,,Male,2,2,0,minor,Bad Weather,Yes,Yes,40,39,km/h,Haze,71.1,F,0,4,Night,12,14,1687,RML,3.1,28.511477,77.196925
A00593,14/03/2024,9:55 PM,Thursday,Night,Delhi,New Delhi,AIIMS,Market Area,Urban,1,High,Poor,Bicycle,,Unknown,1,1,0,Minor,Vehicle Failure,No,Yes,60,66,km/h,Clear,30.7,C,0,1.3,Dawn,12,34,620,LNJP,4.6,28.548048,77.154349
A00594,2024-12-14,18:25:53,Saturday,Evening,Delhi,New Delhi,IGI Airport,Market Area,Urban,1,Medium,Poor,Bus,40,Female,1,1,,Minor,Bad Weather,No,Unknown,50,54,km/h,Fog,30.4,C,3,1.8,Daylight,17,22,1388,RML,9.8,28.54214,77.258731
A00595,2025-07-16,15:20:44,Wednesday,Afternoon,Delhi,New Delhi,AIIMS,School Zone,Expressway,4,High,Poor,Bicycle,40,Female,1,2,0,Moderate,Distracted Driving,No,Unknown,100,111,km/h,Fog,28.4,C,0,4.2,Daylight,18,13,1020,AIIMS,4.3,28.602158,77.207921
A00596,26/07/2023,4:16 PM,Wednesday,Afternoon,Delhi,New Delhi,Janakpuri,Intersection,Urban,2,Low,Poor,Bicycle,35,Female,2,1,0,Minor,Vehicle Failure,Unknown,Unknown,50,58,km/h,Rain,28,C,0,4.2,Dusk,16,12,937,LNJP,12.4,28.561071,77.186857