accident_id,date,time,day_of_week,time_of_day,state,city,area,location_type,road_type,lanes,traffic_volume,road_condition,vehicle_type,driver_age,driver_gender,persons_involved,injuries,fatalities,severity,cause_primary,alcohol_involved,seatbelt_helmet_used,speed_limit,reported_speed,speed_unit,weather_main,temperature,temp_unit,precipitation_mm,visibility_km,light_conditions,police_response_time_min,ambulance_time_min,fines_issued_inr,nearest_hospital,hospital_distance_km,latitude,longitude
A00597,21/07/2025,22:50:32,Monday,Night,Delhi,New Delhi,Connaught Place,Intersection,NH,4,High,Good,Auto-rickshaw,28,Other,2,0,0,Moderate,Reckless Overtaking,Yes,No,60,64,km/h,Dust,12.4,C,1.9,5.5,Daylight,18,15,1223,RML,6.9,28.527663,77.217995
A00598,17/03/2023,12:38 AM,Friday,Night,Delhi,New Delhi,Dwarka,Residential Area,Expressway,2,Low,Fair,Two-wheeler,38,Male,1,3,0,Minor,Alcohol Influence,Unknown,Yes,40,28,km/h,Clear,29,C,0,0.3,Night,20,29,1391,Safdarjung,4.4,28.591196,77.252937
A00599,2025-04-23,9:04:54,Wednesday,Morning,Delhi,New Delhi,Lajpat Nagar,Near Signal,Urban,1,Low,Fair,Car,,Female,2,1,0,Minor,Vehicle Failure,Yes,Unknown,60,57,km/h,Rain,29.5,C,0,4.8,Dusk,20,28,835,LNJP,3.5,28.609224,77.168
A00600,2024-08-08,14:44:07,Thursday,Afternoon,Delhi,New Delhi,AIIMS,Intersection,Rural,4,Medium,Under Construction,Bicycle,29,Other,1,2,0,moderate,Alcohol Influence,No,No,60,74,km/h,Fog,30.9,C,2,6.4,Daylight,38,27,1258,Apollo Sarita Vihar,5.4,28.646936,77.242015
A00601,2023-02-11,10:58 PM,Saturday,Night,Delhi,New Delhi,Rohini,Market Area,Rural,2,Medium,Under Construction,Two-wheeler,35,Male,3,0,0,Minor,Distracted Driving,No,No,40,32,km/h,,32.3,C,1.3,4.9,Daylight,16,8,399,Max Saket,3,28.641172,77.241473
A00602,13/08/2025,5:33:16,Wednesday,Morning,Delhi,New Delhi,Lajpat Nagar,School Zone,Expressway,3,High,Under Construction,Auto-rickshaw,56,Female,2,0,0,Fatal,Alcohol Influence,Unknown,Yes,80,84,km/h,Haze,31.4,C,3.9,6.6,Daylight,13,18,1257,LNJP,4.6,28.606679,77.153481
A00603,2025-04-27,4:07:05,Sunday,Night,Delhi,New Delhi,Vasant Kunj,Intersection,Expressway,4,High,Under Construction,Bus,20,Male,1,1,0,Moderate,Alcohol Influence,Unknown,Yes,100,77,km/h,Dust,,C,2.1,7.7,Dusk,11,29,220,Safdarjung,3.9,28.591675,77.177263
A00604,2023-07-09,14:10:37,Sunday,Afternoon,Delhi,New Delhi,Dwarka,Near Signal,Urban,2,High,Under Construction,Two-wheeler,18,Male,2,0,0,Severe,Pedestrian Error,Yes,Yes,40,44.1,mph,Dust,29.5,C,3.4,5.5,Dusk,17,9,1103,RML,0.2,28.58948,77.240226
A00605,22/05/2024,2:26 AM,Wednesday,Night,Delhi,New Delhi,Rohini,Near Signal,SH,2,High,Poor,Bus,34,Unknown,1,2,0,Moderate,Distracted Driving,No,No,40,,km/h,Rain,33.6,C,2.4,5.9,Dawn,17,24,881,LNJP,2.5,28.618015,77.220359
A00606,19/01/2024,22:38:32,Friday,Night,Delhi,New Delhi,Dwarka,Market Area,Expressway,1,High,Poor,Auto-rickshaw,48,Other,2,1,0,Severe,Vehicle Failure,No,No,60,72,km/h,Clear,29.1,C,0,5.4,Daylight,5,22,679,Max Saket,6.9,28.644749,77.207238
A00607,2023-12-18,12:48 PM,Monday,Afternoon,Delhi,New Delhi,AIIMS,Near Signal,Rural,6,High,Fair,Bicycle,23,Male,2,0,0,Moderate,Reckless Overtaking,No,Yes,60,52,km/h,Haze,23,C,0,9.3,Daylight,19,13,0,Safdarjung,7.3,28.556352,77.216313
A00608,2023-12-16,1:36 PM,Saturday,Afternoon,Delhi,New Delhi,AIIMS,Residential Area,SH,3,Medium,Under Construction,Truck,,Male,1,3,0,Minor,Alcohol Influence,No,No,80,93,km/h,Fog,25,C,0,0.3,Dawn,9,11,188,LNJP,8.3,28.632343,77.101744
A00609,2024-07-04,22:32:49,Thursday,Night,Delhi,New Delhi,Connaught Place,Near Signal,NH,3,Low,Fair,Auto-rickshaw,31,Unknown,1,1,0,Severe,Overspeeding,No,No,50,46,km/h,Fog,14.9,C,1.8,5.1,Dusk,20,27,1412,RML,2.3,28.6059,77.085556
A00610,18/12/2023,7:55 PM,Monday,Evening,Delhi,New Delhi,AIIMS,Near Signal,Rural,2,Low,Good,Truck,,Female,1,0,0,Moderate,Vehicle Failure,Yes,Unknown,100,104,km/h,Dust,,C,0,7.4,Dawn,21,7,1868,RML,,28.658645,77.22466
A00611,27/06/2024,6:32 AM,Thursday,Morning,Delhi,New Delhi,Okhla,Market Area,NH,3,Medium,Fair,Truck,31,Male,2,2,0,Severe,Alcohol Influence,No,Yes,50,57,km/h,Rain,59.9,F,0,6.3,Dusk,8,31,615,Fortis Vasant Kunj,6.5,28.598373,77.155056
A00612,2025-04-10,7:22:44,Thursday,Morning,Delhi,New Delhi,Dwarka,Market Area,Urban,2,High,Under Construction,car,48,Other,4,1,0,Minor,Alcohol Influence,No,Yes,40,51,km/h,Haze,28.7,C,0,5.5,Dawn,2,23,585,Fortis Vasant Kunj,0.3,28.614607,77.128597
A00613,2024-05-12,3:25 AM,Sunday,Night,Delhi,New Delhi,Saket,Near Signal,Expressway,3,High,Poor,Two-wheeler,28,Female,3,1,0,Minor,Pedestrian Error,Yes,Yes,50,61,km/h,Dust,24.3,C,0,3.7,Daylight,8,21,653,Apollo Sarita Vihar,5.4,28.609177,77.193473
A00614,20/07/2025,7:14:56,Sunday,Morning,Delhi,New Delhi,AIIMS,Intersection,Urban,3,Medium,Under Construction,Auto-rickshaw,16,Male,3,2,0,Moderate,Pedestrian Error,No,Unknown,100,125,km/h,Dust,31.1,C,0.6,8.9,Dawn,25,4,1450,Max Saket,7.2,28.628109,77.18917
A00615,2024-01-07,2:46:29,Sunday,Night,Delhi,New Delhi,Rohini,Intersection,Expressway,2,Medium,Fair,Car,45,Other,3,0,0,Severe,Alcohol Influence,Yes,No,50,49,km/h,Rain,34.3,C,0,5.6,Dusk,20,23,622,LNJP,1.9,28.52069,77.148588
A00616,2023-03-08,12:41 PM,Wednesday,Afternoon,Delhi,New Delhi,Rohini,Near Signal,SH,4,High,Good,Auto-rickshaw,64,Unknown,1,1,0,Severe,Pedestrian Error,No,No,60,70,km/h,Fog,30.5,C,0,5.8,Dusk,16,14,838,Apollo Sarita Vihar,5.2,28.654224,77.23437
A00617,2023-01-13,23:18:17,Friday,Night,Delhi,New Delhi,Vasant Kunj,Residential Area,Expressway,3,Low,Under Construction,Two-wheeler,42,Male,1,1,0,Moderate,Vehicle Failure,No,Yes,50,,km/h,Rain,30.9,C,0,4.6,Dawn,6,17,1288,Max Saket,9.3,28.648615,77.098005
A00618,11/05/2023,9:28:50,Thursday,Morning,Delhi,New Delhi,Vasant Kunj,Market Area,NH,3,High,Fair,Auto-rickshaw,26,Other,4,,1,Minor,Alcohol Influence,Yes,Unknown,50,54,km/h,Fog,31.2,C,0,0.3,Daylight,21,21,1734,Safdarjung,14.3,28.589898,77.30792
A00619,19/11/2024,3:17 PM,Tuesday,Afternoon,Delhi,New Delhi,Rohini,Market Area,Urban,3,Low,Good,Bicycle,43,Female,1,3,0,Moderate,Alcohol Influence,Yes,No,60,70,km/h,Rain,86.5,F,0,6.6,Dawn,17,29,1511,Fortis Vasant Kunj,6.2,28.607321,77.160492
A00620,10/04/2023,12:19 PM,Monday,Afternoon,Delhi,New Delhi,IGI Airport,Highway stretch,Rural,4,Medium,Under Construction,Auto-rickshaw,35,Male,1,2,0,Minor,Reckless Overtaking,Yes,No,50,59,km/h,,,C,4.7,4.5,Dusk,22,10,129,Apollo Sarita Vihar,7.3,28.583882,77.240908
A00621,2025-03-07,6:10:13,Friday,Morning,Delhi,New Delhi,Karol Bagh,School Zone,NH,4,Low,Under Construction,Truck,,Other,1,0,0,Minor,Overspeeding,No,Unknown,100,69,mph,Fog,19.3,C,0,5.6,Daylight,22,30,1195,Safdarjung,3.8,28.632789,77.235358
A00622,2023-03-13,6:04 PM,Monday,Evening,Delhi,New Delhi,IGI Airport,School Zone,Urban,4,High,Under Construction,Bicycle,36,Male,1,1,0,Moderate,Reckless Overtaking,No,No,50,63,km/h,Thunderstorm,37.7,C,3,2.6,Night,7,18,645,AIIMS,7.6,28.574444,77.21723
A00623,2023-04-14,1:24:09,Friday,Night,Delhi,New Delhi,Vasant Kunj,Residential Area,Rural,3,Medium,Under Construction,Truck,44,Female,1,1,0,Minor,Overspeeding,Yes,Unknown,60,77,km/h,Rain,33.7,C,8.2,3.6,Night,22,13,1798,AIIMS,1.2,28.589732,77.208019
A00624,2023-11-26,10:58:25,Sunday,Morning,Delhi,New Delhi,Vasant Kunj,Market Area,Urban,2,Medium,Under Construction,Car,49,Female,2,2,0,Moderate,Overspeeding,No,No,50,52,km/h,Thunderstorm,16.2,C,0,8.3,Dusk,18,26,1260,Max Saket,4.8,28.602738,77.124454
A00625,2023-08-29,8:33 PM,Tuesday,Evening,Delhi,New Delhi,IGI Airport,Residential Area,SH,2,Medium,Good,Auto-rickshaw,54,Other,5,1,0,Moderate,Distracted Driving,Unknown,No,100,120,km/h,Thunderstorm,33.1,C,0.1,7.9,Night,9,16,980,Apollo Sarita Vihar,4.8,28.731329,77.253672
A00626,2023-06-22,2:35 AM,Thursday,Night,Delhi,New Delhi,Okhla,School Zone,SH,6,Medium,Good,Two-wheeler,72,Male,1,0,0,Minor,Bad Weather,Yes,Unknown,40,35,km/h,Dust,18.9,C,0,8.3,Daylight,11,29,533,Fortis Vasant Kunj,0.7,28.522976,77.240265
A00627,14/03/2023,8:34:49,Tuesday,Morning,Delhi,New Delhi,AIIMS,Residential Area,Rural,2,Low,Fair,Bicycle,36,Female,1,0,0,Moderate,Bad Weather,No,Unknown,50,82,km/h,Clear,28.7,C,0,3.5,Dawn,24,28,1391,Safdarjung,8.2,28.623961,77.208305
A00628,2025-02-05,5:57 PM,Wednesday,Evening,Delhi,New Delhi,Rohini,School Zone,Expressway,4,High,Good,Two-wheeler,36,Male,3,0,0,Minor,Bad Weather,Unknown,No,80,67,km/h,Rain,26.5,C,0,4.1,Dusk,8,9,334,LNJP,3.2,28.696024,77.277007
A00629,2025-02-19,19:36:24,Wednesday,Evening,Delhi,New Delhi,Dwarka,Market Area,SH,2,Medium,Fair,Car,35,Female,3,0,0,Minor,Vehicle Failure,No,Unknown,80,87,km/h,Clear,33.1,C,2.9,4.5,Night,16,2,1198,Apollo Sarita Vihar,,28.629524,77.156339
A00630,2024-02-26,11:52:59,Monday,Morning,Delhi,New Delhi,Janakpuri,School Zone,SH,3,Medium,Under Construction,Bicycle,28,Female,1,1,0,moderate,,Yes,Yes,40,27,km/h,Clear,23.8,C,0,0.9,Daylight,22,18,1293,Safdarjung,3.9,28.619337,77.18105
A00631,2024-04-04,6:35 AM,Thursday,Morning,Delhi,New Delhi,IGI Airport,Intersection,SH,3,High,Under Construction,Auto-rickshaw,,Female,1,2,0,Moderate,Vehicle Failure,No,Yes,100,115,km/h,Dust,22.3,C,15.6,5.2,Night,15,28,1024,Safdarjung,9,28.618939,77.236246
A00632,25/02/2025,8:09 PM,Tuesday,Evening,Delhi,New Delhi,Saket,Residential Area,SH,4,High,Poor,Auto-rickshaw,48,Female,2,0,0,Minor,Pedestrian Error,Unknown,No,80,85,km/h,Clear,27,C,0,6.5,Night,4,13,809,AIIMS,6.3,28.597455,77.146669
A00633,24/02/2025,12:42:05,Monday,Afternoon,Delhi,New Delhi,Karol Bagh,Intersection,Urban,4,Low,Good,Two-wheeler,56,Other,2,0,0,Moderate,Distracted Driving,No,Unknown,60,81,km/h,Clear,17.1,C,0,4.8,Night,16,6,674,RML,3.9,28.526934,77.128864
A00634,2025-06-19,9:38 AM,Thursday,Morning,Delhi,New Delhi,Connaught Place,Residential Area,Urban,3,Medium,Good,Car,16,Other,2,4,,Minor,Vehicle Failure,Unknown,No,60,73,km/h,Thunderstorm,15.9,C,0,5.7,Dawn,14,8,854,Apollo Sarita Vihar,6.7,28.576189,77.158085
A00635,11/05/2023,5:58:05,Thursday,Morning,Delhi,New Delhi,Saket,Intersection,Urban,2,Low,Poor,Bus,23,Female,1,0,0,Moderate,Alcohol Influence,Yes,Unknown,80,,mph,Fog,28,C,1.9,5.6,Daylight,16,9,967,RML,3.4,28.587052,77.132176
A00636,2024-04-13,22:01:38,Saturday,Night,Delhi,New Delhi,Vasant Kunj,Near Signal,Urban,2,Medium,Fair,Truck,,Other,2,2,,Minor,Overspeeding,Unknown,Yes,80,89,km/h,Thunderstorm,84.2,F,0,5.4,Daylight,12,4,454,AIIMS,5,28.687019,77.125124
A00637,30/06/2023,11:01 AM,Friday,Morning,Delhi,New Delhi,Vasant Kunj,Market Area,SH,4,Low,Good,Auto-rickshaw,36,Other,2,0,0,Severe,Reckless Overtaking,No,Unknown,60,67,km/h,Haze,35.6,C,4.7,3.9,Night,8,34,1451,AIIMS,3.1,28.711496,77.175417
A00638,2023-07-09,4:47 PM,Sunday,Afternoon,Delhi,New Delhi,Dwarka,Market Area,Urban,3,Low,Under Construction,Bus,,Male,5,0,0,Minor,Alcohol Influence,No,Yes,100,119,km/h,Thunderstorm,25.8,C,0,4.6,Dawn,1,21,276,Apollo Sarita Vihar,4.1,28.545749,77.196652
A00639,2023-07-24,19:37:28,Monday,Evening,Delhi,New Delhi,Dwarka,Market Area,Expressway,3,Medium,Good,Auto-rickshaw,30,Unknown,1,1,,Minor,Vehicle Failure,No,No,80,78,km/h,Rain,30.2,C,0,7.9,Night,11,17,1345,RML,7.7,28.638935,77.162423
A00640,2023-04-15,11:38:16,Saturday,Morning,Delhi,New Delhi,Saket,Market Area,Expressway,2,Medium,Good,Truck,20,Male,1,0,0,Moderate,Distracted Driving,No,Yes,80,102,km/h,Dust,20.6,C,0,7.8,Dusk,17,33,1197,Apollo Sarita Vihar,5.3,28.726549,77.060717
A00641,2023-10-27,6:16:14,Friday,Morning,Delhi,New Delhi,Karol Bagh,Highway stretch,SH,2,High,Fair,Bicycle,32,Female,1,0,0,Moderate,Vehicle Failure,Yes,No,60,67,km/h,Haze,93.2,F,3.2,3.2,Dawn,20,10,934,Apollo Sarita Vihar,7.4,28.618233,77.264595
A00642,2023-09-10,9:14 AM,Sunday,Morning,Delhi,New Delhi,Connaught Place,Highway stretch,SH,4,High,Under Construction,Two-wheeler,,Male,2,2,0,Minor,Alcohol Influence,No,Unknown,50,47,km/h,Fog,23.2,C,4,4.3,Dusk,14,21,1779,LNJP,6.5,28.618302,77.169117
A00643,03/03/2024,12:48:37,Sunday,Afternoon,Delhi,New Delhi,Connaught Place,Market Area,Rural,3,Low,Fair,Auto-rickshaw,39,Female,1,0,0,Moderate,Overspeeding,No,No,100,126,km/h,Clear,32.8,C,5.7,3.4,Daylight,25,2,1421,Apollo Sarita Vihar,5.7,28.619987,77.166342
A00644,2023-05-28,5:57:59,Sunday,Morning,Delhi,New Delhi,Okhla,Near Signal,Urban,2,Medium,Under Construction,Car,,Female,2,1,0,Minor,Overspeeding,Yes,No,80,98,km/h,Fog,83.7,F,0,5.9,daylight,17,2,852,Max Saket,6.1,28.536888,77.244852
A00645,11/07/2025,19:17:40,Friday,Evening,Delhi,New Delhi,Connaught Place,Market Area,SH,3,Low,Under Construction,Car,47,Female,1,2,0,Severe,Reckless Overtaking,No,Yes,100,99,km/h,Thunderstorm,26.1,C,0,4,Dawn,15,24,916,Max Saket,2.8,28.591957,77.182152
A00646,01/06/2024,1:31 PM,Saturday,Afternoon,Delhi,New Delhi,Karol Bagh,Market Area,Urban,4,Low,Good,Two-wheeler,27,Male,1,1,0,Minor,Distracted Driving,Yes,No,100,133,km/h,Thunderstorm,19.3,C,4.5,5,Dusk,9,18,951,RML,3.5,28.667171,77.192876
A00647,2025-01-17,23:47:00,Friday,Night,Delhi,New Delhi,Saket,Highway stretch,Expressway,3,Low,Under Construction,Truck,24,Female,3,0,0,Moderate,Vehicle Failure,Yes,No,60,59,km/h,Rain,44.2,C,0,2.8,Daylight,23,16,648,Apollo Sarita Vihar,3.4,28.664111,77.220036
A00648,2025-03-05,3:38 AM,Wednesday,Night,Delhi,New Delhi,Lajpat Nagar,Residential Area,Expressway,2,High,Under Construction,Truck,34,Female,2,0,0,Moderate,Overspeeding,Unknown,Unknown,60,74,km/h,Rain,25.3,C,0,4.6,Night,19,23,1470,LNJP,3.5,28.623504,77.243204
A00649,24/01/2023,12:19:49,Tuesday,Afternoon,Delhi,New Delhi,Connaught Place,Intersection,Expressway,4,High,Under Construction,Bicycle,23,Male,1,0,0,Moderate,Overspeeding,Yes,Unknown,100,96,km/h,Fog,25.3,C,4.2,0.3,Daylight,17,22,1616,LNJP,1.8,28.69732,77.205062
A00650,19/03/2025,10:20:27,Wednesday,Morning,Delhi,New Delhi,Connaught Place,School Zone,NH,2,Medium,Poor,Two-wheeler,50,Male,2,1,0,Severe,Pedestrian Error,Unknown,Yes,50,,km/h,Haze,29.2,C,4.3,6.6,Dusk,14,21,374,LNJP,0.8,28.60785,77.204298
A00651,16/03/2025,15:07:36,Sunday,Afternoon,Delhi,New Delhi,AIIMS,Market Area,SH,6,Low,Good,Truck,61,Male,2,2,0,Minor,Alcohol Influence,Yes,Unknown,40,34,km/h,Fog,14.7,C,1.1,6.8,Dawn,19,3,1168,Max Saket,5.4,28.603685,77.205851
A00652,2024-04-14,11:21 AM,Sunday,Morning,Delhi,New Delhi,AIIMS,Near Signal,Rural,3,Low,Under Construction,Truck,35,Female,1,1,0,Minor,Reckless Overtaking,Unknown,Unknown,60,56,km/h,Haze,30.4,C,6.5,5.3,Daylight,13,10,494,Safdarjung,4.8,28.578147,77.178181
A00653,20/07/2024,1:48 AM,Saturday,Night,Delhi,New Delhi,Karol Bagh,Intersection,Expressway,2,Low,Good,Two-wheeler,31,Unknown,2,1,0,Minor,,No,Yes,60,103,km/h,Thunderstorm,9.9,C,0,4,Daylight,23,16,1137,Apollo Sarita Vihar,,28.610711,77.271363
A00654,2023-07-22,7:40 AM,Saturday,Morning,Delhi,New Delhi,Okhla,Residential Area,NH,6,High,Good,Bicycle,22,Male,1,0,0,Moderate,Vehicle Failure,No,Unknown,80,94,km/h,Thunderstorm,30,C,0,7.1,Night,22,17,1204,RML,5.7,28.600921,77.219699
A00655,30/03/2024,21:51:01,Saturday,Night,Delhi,New Delhi,IGI Airport,Market Area,Rural,2,Low,Under Construction,Bus,52,Unknown,4,0,0,minor,Pedestrian Error,Unknown,Unknown,80,98,km/h,Rain,32.6,C,2.6,7.5,Dusk,12,23,1466,AIIMS,2.1,28.673848,77.153945
A00656,2024-07-17,4:53 PM,Wednesday,Afternoon,Delhi,New Delhi,Karol Bagh,Near Signal,Rural,6,Medium,Good,bus,41,Male,2,0,0,Fatal,Overspeeding,Unknown,Yes,40,38,km/h,Dust,20.7,C,3.3,5.1,Dawn,19,18,175,LNJP,4.5,28.558894,77.200051
A00657,26/12/2024,10:30 AM,Thursday,Morning,Delhi,New Delhi,Rohini,Near Signal,Rural,2,High,Good,Bicycle,45,Other,1,0,0,Minor,,Unknown,Unknown,50,25.5,mph,Dust,25.9,C,3.5,1.6,Dusk,14,28,664,Max Saket,0.9,28.616239,77.222099
A00658,2024-10-28,7:09 AM,Monday,Morning,Delhi,New Delhi,Chandni Chowk,Highway stretch,Urban,4,High,Poor,Two-wheeler,24,Female,3,0,0,Fatal,Reckless Overtaking,Yes,Yes,80,93,km/h,Clear,29.2,C,0,3.1,Dusk,15,12,909,Safdarjung,1.2,28.56193,77.26625
A00659,2023-11-28,21:24:49,Tuesday,Night,Delhi,New Delhi,Chandni Chowk,Near Signal,Expressway,3,Low,Under Construction,Truck,,Other,1,1,1,Minor,Vehicle Failure,Unknown,No,80,86,km/h,,82.9,F,2.2,3.9,Night,16,24,1796,Safdarjung,7.5,28.678979,77.198903
A00660,2025-01-12,2:24:16,Sunday,Night,Delhi,New Delhi,Janakpuri,Near Signal,Expressway,3,Medium,Under Construction,Auto-rickshaw,38,Male,2,1,0,Moderate,Vehicle Failure,Yes,Yes,80,,mph,Fog,28,C,0,6.2,Night,13,5,669,AIIMS,,28.553236,77.152463
A00661,26/01/2023,3:37 PM,Thursday,Afternoon,Delhi,New Delhi,Dwarka,Market Area,Rural,4,Medium,Under Construction,Car,40,Female,4,1,0,Minor,Pedestrian Error,Yes,Unknown,60,,mph,Fog,16.3,C,0,4.7,Dusk,10,13,1136,Apollo Sarita Vihar,5.4,28.696852,77.142356
A00662,2023-07-14,1:51 AM,Friday,Night,Delhi,New Delhi,Karol Bagh,Market Area,Expressway,3,High,Under Construction,Bicycle,26,Other,2,0,0,Minor,,Unknown,Unknown,40,46,km/h,Dust,22.2,C,3.5,6,Daylight,13,7,893,AIIMS,6.3,28.59572,77.197125
A00663,2023-06-12,20:07:23,Monday,Evening,Delhi,New Delhi,IGI Airport,Residential Area,NH,3,Low,Good,Car,27,Other,3,2,0,Moderate,pedestrian error,Unknown,Unknown,80,83,km/h,Rain,26.2,C,4.4,4.7,Dusk,16,18,487,Fortis Vasant Kunj,2.5,28.606803,77.216403
A00664,2024-02-06,9:33 AM,Tuesday,Morning,Delhi,New Delhi,IGI Airport,Market Area,Expressway,2,High,Fair,Bicycle,27,Unknown,1,,0,Moderate,Distracted Driving,Unknown,Unknown,60,86,km/h,Clear,,C,0,8.9,Night,11,32,1948,Apollo Sarita Vihar,3.9,28.627416,77.227434
A00665,27/09/2023,6:58 AM,Wednesday,Morning,Delhi,New Delhi,Saket,Near Signal,Rural,4,Medium,Fair,Auto-rickshaw,27,Unknown,1,0,0,Minor,Overspeeding,Unknown,Unknown,50,79,km/h,Clear,25,C,0,3.9,Night,18,26,1110,AIIMS,5.4,28.555345,77.13048
A00666,03/03/2025,8:05:50,Monday,Morning,Delhi,New Delhi,Dwarka,Residential Area,NH,2,High,Good,Car,38,Other,1,1,0,Minor,Bad Weather,Unknown,Yes,60,33,km/h,Rain,,C,0,5.9,Daylight,18,11,760,Fortis Vasant Kunj,,28.693275,77.224105
A00667,10/03/2023,12:35:05,Friday,Afternoon,Delhi,New Delhi,Vasant Kunj,Market Area,SH,2,Medium,Fair,Car,,Male,3,1,0,Minor,Reckless Overtaking,No,Yes,40,38.5,mph,Clear,18.7,C,0,5.7,daylight,7,14,1098,Apollo Sarita Vihar,11,28.586246,77.223882
A00668,20/09/2024,21:04:34,Friday,Night,Delhi,New Delhi,Lajpat Nagar,Market Area,NH,3,Medium,Poor,Two-wheeler,45,Other,1,1,0,Minor,Bad Weather,Yes,No,50,77,km/h,Clear,21.5,C,8.4,7.1,Dusk,12,22,997,Safdarjung,0.5,28.624359,77.183297
A00669,24/06/2025,4:59:20,Tuesday,Night,Delhi,New Delhi,Chandni Chowk,Intersection,Urban,3,Low,Fair,Car,28,Unknown,3,0,0,Moderate,Vehicle Failure,No,Yes,60,89,km/h,Rain,28.5,C,0,2.8,Dusk,8,37,985,Max Saket,3.7,28.623773,77.21289
A00670,17/06/2023,3:01 AM,Saturday,Night,Delhi,New Delhi,Janakpuri,School Zone,Urban,2,Low,Under Construction,Bicycle,29,Female,6,2,0,Severe,Vehicle Failure,Yes,No,40,23,mph,Fog,69.3,F,0,6,Night,4,5,1218,AIIMS,4.6,28.608631,77.133102
A00671,2023-03-13,10:33:09,Monday,Morning,Delhi,New Delhi,Okhla,Market Area,NH,2,Medium,Good,Bus,40,Unknown,1,0,0,Moderate,Overspeeding,No,Yes,40,,km/h,Clear,,C,0,6,Night,18,16,1553,AIIMS,6.1,28.665608,77.232869
A00672,05/08/2025,10:03 PM,Tuesday,Night,Delhi,New Delhi,Chandni Chowk,Near Signal,Expressway,2,Low,Fair,Bus,,Other,1,0,0,Minor,Pedestrian Error,No,No,40,45,km/h,Rain,24.6,C,1.8,2.7,Daylight,10,22,1096,AIIMS,5.2,28.555715,77.256103
A00673,2023-05-21,21:00:17,Sunday,Night,Delhi,New Delhi,IGI Airport,Intersection,Urban,2,Medium,Under Construction,Truck,43,Unknown,2,1,0,Minor,Reckless Overtaking,No,Unknown,80,74,km/h,Thunderstorm,,C,0,1.9,Dawn,21,16,455,LNJP,10.4,28.575758,77.248865
A00674,2024-08-29,4:14 AM,Thursday,Night,Delhi,New Delhi,Chandni Chowk,School Zone,Expressway,2,Medium,Fair,Auto-rickshaw,16,Female,2,0,0,Severe,Pedestrian Error,No,Unknown,60,35.4,mph,Thunderstorm,,C,0,1.8,Dusk,21,19,696,LNJP,2.5,28.662013,77.187525
A00675,14/10/2024,5:26:05,Monday,Morning,Delhi,New Delhi,Lajpat Nagar,Market Area,Rural,3,Low,Under Construction,Bicycle,26,Female,2,0,0,Minor,Vehicle Failure,Unknown,Yes,60,62,km/h,Rain,38.2,C,9.6,3,Dawn,12,25,845,Fortis Vasant Kunj,2.9,28.667916,77.266948
A00676,07/02/2024,1:50 AM,Wednesday,Night,Delhi,New Delhi,Janakpuri,Intersection,Urban,1,Medium,Good,Bus,35,Male,1,1,0,Minor,Reckless Overtaking,Unknown,Yes,40,38,km/h,Dust,26.3,C,0,6.7,Dusk,6,20,592,Safdarjung,1.3,28.602738,77.250466
A00677,2023-02-22,8:24 AM,Wednesday,Morning,Delhi,New Delhi,Okhla,Highway stretch,Rural,4,High,Fair,Two-wheeler,33,Other,3,1,0,Moderate,Distracted Driving,Unknown,Unknown,50,,km/h,Dust,20.6,C,1.4,3.3,Dawn,16,27,1072,LNJP,,28.629455,77.217246
A00678,2025-05-15,14:46:04,Thursday,Afternoon,Delhi,New Delhi,Lajpat Nagar,Residential Area,Urban,3,Low,Poor,Car,40,Unknown,1,1,0,minor,Alcohol Influence,Yes,Yes,50,81,km/h,Rain,38.8,C,0,5.5,Night,14,24,528,AIIMS,9.5,28.533737,77.107667
A00679,2023-01-06,10:26 PM,Friday,Night,Delhi,New Delhi,Connaught Place,Intersection,NH,3,Low,Fair,bicycle,,Male,4,0,0,Minor,Overspeeding,No,Yes,80,104,km/h,Thunderstorm,19.2,C,3.3,2.5,Dusk,11,13,777,LNJP,4.3,28.599909,77.206387
A00680,2023-09-15,8:09 AM,Friday,Morning,Delhi,New Delhi,Rohini,Residential Area,SH,3,High,Under Construction,Car,21,Unknown,1,1,0,Minor,Pedestrian Error,No,Yes,50,47,km/h,Dust,,C,8.6,2.4,Daylight,17,29,1340,Max Saket,2.8,28.611182,77.203131