accident_id,date,time,day_of_week,time_of_day,state,city,area,location_type,road_type,lanes,traffic_volume,road_condition,vehicle_type,driver_age,driver_gender,persons_involved,injuries,fatalities,severity,cause_primary,alcohol_involved,seatbelt_helmet_used,speed_limit,reported_speed,speed_unit,weather_main,temperature,temp_unit,precipitation_mm,visibility_km,light_conditions,police_response_time_min,ambulance_time_min,fines_issued_inr,nearest_hospital,hospital_distance_km,latitude,longitude
A00681,16/04/2025,21:35:22,Wednesday,Night,Delhi,New Delhi,Vasant Kunj,Intersection,Rural,4,Low,Poor,Truck,30,Unknown,1,0,0,Minor,Distracted Driving,Unknown,No,100,93,km/h,,35.2,C,4.4,4.4,Night,27,12,494,Safdarjung,7.1,28.55533,77.348308
A00682,20/08/2025,5:18:43,Wednesday,Morning,Delhi,New Delhi,Vasant Kunj,Intersection,SH,3,High,Poor,Two-wheeler,,Unknown,1,2,0,Moderate,Reckless Overtaking,Yes,No,80,82,km/h,Fog,84.7,F,0.9,7.4,Night,17,31,1446,Safdarjung,8.5,28.508957,77.208782
A00683,14/06/2024,7:06 PM,Friday,Evening,Delhi,New Delhi,Karol Bagh,Market Area,NH,1,Medium,Fair,Bicycle,,Unknown,3,0,0,Moderate,Distracted Driving,No,Unknown,50,75,km/h,Clear,,C,0,5.3,Dusk,8,13,839,LNJP,5.7,28.602504,77.180674
A00684,07/10/2024,22:24:08,Monday,Night,Delhi,New Delhi,Saket,School Zone,Urban,2,Medium,Good,Two-wheeler,23,Male,1,1,0,Minor,Overspeeding,Unknown,No,40,55,km/h,Clear,25.9,C,0,1.1,Night,10,4,887,Safdarjung,1.9,28.633067,77.187413
A00685,2023-01-19,10:31 PM,Thursday,Night,Delhi,New Delhi,Karol Bagh,Highway stretch,Expressway,3,Low,Good,Truck,,Other,3,0,0,Moderate,Bad Weather,Yes,Unknown,40,46,km/h,Thunderstorm,13.1,C,1,6.7,Dawn,26,19,811,AIIMS,3.4,28.558967,77.243176
A00686,2023-10-21,1:00 AM,Saturday,Night,Delhi,New Delhi,Okhla,Intersection,SH,2,High,Poor,Car,28,Male,1,0,0,Moderate,Pedestrian Error,Yes,Yes,60,52,km/h,Haze,29.3,C,0,5.7,Dawn,18,14,1874,Fortis Vasant Kunj,9.7,28.602556,77.212385
A00687,04/07/2025,0:11:39,Friday,Night,Delhi,New Delhi,Connaught Place,Market Area,Expressway,6,Medium,Good,Two-wheeler,31,Other,1,1,0,Severe,Bad Weather,Unknown,Yes,80,67,km/h,Clear,110.7,F,1.4,6.5,Daylight,19,19,1247,Max Saket,9,28.626632,77.233935
A00688,2025-04-27,12:08 PM,Sunday,Afternoon,Delhi,New Delhi,IGI Airport,Highway stretch,NH,1,High,Fair,Bicycle,42,Unknown,2,0,0,Moderate,Vehicle Failure,No,Yes,60,,km/h,Fog,26.9,C,5.1,2.2,Night,3,22,1326,LNJP,1.9,28.612192,77.2376
A00689,2024-10-16,7:18 PM,Wednesday,Evening,Delhi,New Delhi,IGI Airport,Intersection,NH,4,Low,Poor,bicycle,37,Unknown,1,0,0,Moderate,Bad Weather,Unknown,Unknown,40,49,km/h,Rain,24.1,C,0,4.3,Dawn,22,28,1435,RML,6.6,28.635258,77.154612
A00690,15/03/2023,4:03 AM,Wednesday,Night,Delhi,New Delhi,IGI Airport,Intersection,Rural,1,High,Under Construction,Bus,55,Unknown,1,3,,Moderate,Vehicle Failure,No,Unknown,40,34,km/h,Fog,16.3,C,0,8.8,Night,16,16,640,Max Saket,6.1,28.552062,77.207836
A00691,2024-08-29,11:59:55,Thursday,Morning,Delhi,New Delhi,Dwarka,Market Area,Rural,3,Low,Under Construction,Bus,37,Female,3,0,0,Minor,Pedestrian Error,Unknown,Unknown,100,133,km/h,,,C,1.3,3.4,Dawn,22,25,503,RML,3.9,28.696697,77.187687
A00692,2025-05-25,16:07:12,Sunday,Afternoon,Delhi,New Delhi,Vasant Kunj,Intersection,NH,4,High,Under Construction,Car,43,Unknown,1,,0,Moderate,Vehicle Failure,Unknown,Unknown,40,27,km/h,Rain,19.1,C,0,6,Night,13,15,1201,LNJP,5.9,28.545902,77.206155
A00693,2024-01-18,3:05:47,Thursday,Night,Delhi,New Delhi,Janakpuri,School Zone,Rural,2,Low,Fair,Bicycle,16,Unknown,4,0,0,Moderate,Vehicle Failure,Yes,Yes,100,,km/h,Clear,22.6,C,0,2.7,Dusk,31,1,869,RML,7.4,28.633811,77.18972
A00694,27/08/2025,13:40:23,Wednesday,Afternoon,Delhi,New Delhi,IGI Airport,Market Area,Rural,3,High,Under Construction,Two-wheeler,,Unknown,2,5,0,Minor,Bad Weather,Yes,Unknown,60,103,km/h,Rain,23.7,C,3,6.6,Dawn,16,20,1036,Apollo Sarita Vihar,7.5,28.601541,77.155522
A00695,2023-02-21,16:40:22,Tuesday,Afternoon,Delhi,New Delhi,Dwarka,Highway stretch,NH,3,Low,Under Construction,Two-wheeler,39,Unknown,1,0,0,Minor,Vehicle Failure,No,Unknown,100,113,km/h,Thunderstorm,27.3,C,0,6.4,Night,27,11,1441,Apollo Sarita Vihar,3.2,28.679927,77.219148
A00696,2023-09-20,3:21 PM,Wednesday,Afternoon,Delhi,New Delhi,Dwarka,Highway stretch,Rural,1,Low,Poor,Auto-rickshaw,28,Male,2,0,0,Minor,Alcohol Influence,Unknown,Unknown,80,84,km/h,,,C,0,5.6,dawn,10,22,1985,LNJP,0.9,28.668504,77.156813
A00697,01/04/2024,12:11:13,Monday,Afternoon,Delhi,New Delhi,Okhla,Intersection,Expressway,4,Medium,Poor,Auto-rickshaw,28,Other,1,0,0,Severe,Bad Weather,No,No,50,54,km/h,Haze,26.9,C,0,5.9,Dusk,11,36,827,Apollo Sarita Vihar,4.4,28.644819,77.19835
A00698,2023-07-07,23:15:37,Friday,Night,Delhi,New Delhi,Rohini,Near Signal,Rural,3,Medium,Good,Truck,47,Unknown,1,2,0,Moderate,Vehicle Failure,No,No,40,33.6,mph,Clear,28.1,C,2.9,4.1,Dawn,11,18,628,Safdarjung,3.6,28.515048,77.274767
A00699,2024-10-13,6:44 AM,Sunday,Morning,Delhi,New Delhi,Karol Bagh,Intersection,Rural,3,High,Fair,Truck,30,Female,5,0,0,Moderate,Pedestrian Error,Yes,Yes,60,72,km/h,Thunderstorm,37.1,C,0,2.2,Night,22,8,953,RML,5,28.59855,77.218599
A00700,18/04/2023,2:56 PM,Tuesday,Afternoon,Delhi,New Delhi,AIIMS,Market Area,NH,3,Medium,Fair,Bus,44,Other,1,,0,Severe,Overspeeding,Yes,Unknown,60,77,km/h,Haze,85.3,F,0,5,Daylight,26,18,912,AIIMS,3.3,28.669314,77.160758
A00701,2025-06-01,21:13:41,Sunday,Night,Delhi,New Delhi,Chandni Chowk,Intersection,Rural,1,Low,Under Construction,Auto-rickshaw,49,Female,2,1,0,Minor,Bad Weather,Unknown,Yes,40,56,km/h,Clear,39.1,C,0,4.3,Night,16,25,450,Safdarjung,,28.677773,77.253867
A00702,2023-02-18,11:17 PM,Saturday,Night,Delhi,New Delhi,Vasant Kunj,Market Area,Expressway,2,High,Good,Bicycle,41,Male,2,2,0,Moderate,Overspeeding,No,Unknown,60,,km/h,Fog,26.9,C,0,4.8,Dawn,18,4,438,Fortis Vasant Kunj,9.4,28.553485,77.256566
A00703,2023-11-01,6:11 PM,Wednesday,Evening,Delhi,New Delhi,Vasant Kunj,Residential Area,Urban,3,Low,Poor,Bicycle,36,Unknown,1,0,0,Moderate,Pedestrian Error,Yes,No,50,65,km/h,Fog,30.6,C,0,7.2,Dusk,17,19,23,LNJP,4.4,28.690076,77.209686
A00704,2023-12-31,19:28:11,Sunday,Evening,Delhi,New Delhi,Connaught Place,Intersection,Urban,4,Low,Under Construction,Auto-rickshaw,43,Other,2,0,0,Severe,Alcohol Influence,No,Unknown,60,53.4,mph,Clear,33.3,C,0,6.8,Dusk,5,24,724,Apollo Sarita Vihar,4.4,28.710309,77.263168
A00705,2023-01-16,11:33 PM,Monday,Night,Delhi,New Delhi,Rohini,School Zone,SH,3,Medium,Poor,Bus,16,Female,1,2,0,Severe,Overspeeding,Unknown,Yes,100,115,km/h,Rain,34.4,C,4,3.5,Dusk,20,2,806,RML,6.5,28.639213,77.162144
A00706,21/12/2023,5:45 AM,Thursday,Morning,Delhi,New Delhi,Connaught Place,Residential Area,NH,3,Low,Under Construction,Car,31,Female,1,0,0,Minor,Pedestrian Error,Yes,No,40,,km/h,Haze,66,F,0,7.8,Night,21,24,1498,Safdarjung,9.5,28.63814,77.189541
A00707,2024-03-16,10:52 AM,Saturday,Morning,Delhi,New Delhi,Chandni Chowk,Residential Area,Expressway,3,High,Good,Two-wheeler,40,Male,4,0,0,Minor,Bad Weather,Unknown,Yes,60,46,mph,Thunderstorm,39.1,C,1.5,2.5,Dusk,18,28,0,Apollo Sarita Vihar,2.9,28.521691,77.151954
A00708,2024-01-21,6:10 AM,Sunday,Morning,Delhi,New Delhi,IGI Airport,Highway stretch,Rural,3,High,Under Construction,Car,34,Male,1,0,0,Minor,Bad Weather,No,Unknown,60,39,km/h,Rain,,C,9.5,6,Daylight,13,2,1307,Safdarjung,1.8,28.512563,77.159367
A00709,2023-02-24,11:15 PM,Friday,Night,Delhi,New Delhi,Okhla,Market Area,Rural,3,Medium,Poor,bus,37,Male,2,,0,Moderate,,No,No,60,52,km/h,Fog,73.6,F,5.2,4.3,Dawn,19,29,1852,AIIMS,7.1,28.541282,77.238985
A00710,2025-08-13,4:21:41,Wednesday,Night,Delhi,New Delhi,Janakpuri,Market Area,Expressway,3,Medium,Poor,Bus,16,Male,3,2,0,Minor,Alcohol Influence,Unknown,Yes,40,40.4,mph,Haze,32.6,C,0,7,Dawn,10,31,986,Apollo Sarita Vihar,0.6,28.638231,77.220785
A00711,12/03/2025,12:05:06,Wednesday,Afternoon,Delhi,New Delhi,Vasant Kunj,School Zone,SH,4,Medium,Poor,Two-wheeler,67,Female,1,2,0,Severe,Distracted Driving,Unknown,No,100,111,km/h,Haze,32.6,C,3.4,3.6,Dawn,1,24,1277,RML,0.4,28.685132,77.155876
A00712,2025-05-18,2:31 AM,Sunday,Night,Delhi,New Delhi,Chandni Chowk,School Zone,SH,3,High,Poor,Truck,37,Other,2,1,0,Minor,Alcohol Influence,Unknown,No,40,37,km/h,Thunderstorm,35.5,C,0,5.2,Dawn,19,20,1152,Fortis Vasant Kunj,4.4,28.528963,77.238659
A00713,2023-03-23,4:37:23,Thursday,Night,Delhi,New Delhi,Saket,Residential Area,SH,2,High,Poor,Auto-rickshaw,18,Male,3,1,0,Minor,Bad Weather,No,Yes,40,46,mph,dust,27.5,C,0,6.1,Night,18,20,1386,AIIMS,6,28.555439,77.287429
A00714,2023-12-15,8:12:12,Friday,Morning,Delhi,New Delhi,Rohini,Near Signal,Expressway,4,High,Good,Auto-rickshaw,44,Female,1,1,0,Minor,Reckless Overtaking,No,Yes,50,51,km/h,Clear,15,C,0,4.2,Night,9,23,395,Fortis Vasant Kunj,6.6,28.568291,77.131059
A00715,08/01/2023,5:30 PM,Sunday,Evening,Delhi,New Delhi,Vasant Kunj,School Zone,SH,3,High,Poor,Bicycle,,Male,2,1,0,Minor,Distracted Driving,Unknown,No,100,105,km/h,,15.3,C,0,1.9,Dawn,12,29,1536,Safdarjung,,28.622544,77.242508
A00716,27/05/2024,12:48 AM,Monday,Night,Delhi,New Delhi,Saket,Highway stretch,Rural,2,High,Poor,Bus,34,Other,1,1,0,Moderate,Overspeeding,No,Yes,40,33,km/h,Dust,22.9,C,13.9,3.7,Dawn,10,2,1734,Max Saket,4.6,28.629805,77.24086
A00717,2024-09-21,9:01 PM,Saturday,Night,Delhi,New Delhi,Vasant Kunj,School Zone,Expressway,4,High,Under Construction,Two-wheeler,,Unknown,1,0,0,Moderate,Alcohol Influence,No,Yes,40,53,km/h,Clear,23.5,C,0,2.2,Night,8,26,780,AIIMS,1.5,28.561483,77.186926
A00718,2023-07-30,17:17:21,Sunday,Evening,Delhi,New Delhi,Saket,Market Area,NH,2,High,Good,Two-wheeler,31,Other,2,1,0,Moderate,Alcohol Influence,No,Unknown,50,61,km/h,Dust,36.1,C,0,5.1,Night,11,9,446,Max Saket,8.2,28.516489,77.152678
A00719,01/02/2025,0:05:54,Saturday,Night,Delhi,New Delhi,Dwarka,School Zone,SH,4,Medium,Poor,Truck,41,Unknown,2,2,0,Minor,Pedestrian Error,Yes,Yes,40,48,km/h,Dust,72.7,F,0,3.9,Dawn,15,18,2195,Max Saket,0.9,28.616761,77.207436
A00720,05/01/2024,8:13 PM,Friday,Evening,Delhi,New Delhi,Okhla,School Zone,SH,3,Low,Under Construction,Truck,37,Other,3,0,0,Minor,Alcohol Influence,Unknown,Yes,40,40,km/h,Rain,30.3,C,1.6,3,Dusk,12,20,1124,LNJP,5,28.58212,77.239495
A00721,2023-10-30,1:47 PM,Monday,Afternoon,Delhi,New Delhi,Karol Bagh,Near Signal,Expressway,1,Medium,Fair,Car,46,Male,1,1,0,Moderate,Bad Weather,Yes,Yes,80,91,km/h,Fog,,C,0,5.1,Dawn,11,12,1347,Max Saket,5.4,28.510519,77.21398
A00722,2024-12-02,19:41:43,Monday,Evening,Delhi,New Delhi,Chandni Chowk,Residential Area,NH,3,Low,Fair,Bicycle,22,Other,1,1,0,moderate,Reckless Overtaking,Yes,Yes,80,73,km/h,Fog,30.3,C,0,4.7,Night,21,17,1640,Max Saket,4.1,28.605956,77.141455
A00723,20/12/2023,23:55:35,Wednesday,Night,Delhi,New Delhi,Connaught Place,Highway stretch,Rural,4,High,Fair,Bus,,Male,1,1,0,Moderate,overspeeding,Yes,Yes,50,48.5,mph,dust,14.3,C,0.7,5.5,Dawn,25,19,1139,RML,8.6,28.654546,77.238768
A00724,10/06/2023,12:06 PM,Saturday,Afternoon,Delhi,New Delhi,AIIMS,Highway stretch,SH,2,Medium,Poor,Truck,24,Male,1,2,0,Severe,Pedestrian Error,Unknown,Yes,50,69,km/h,Clear,24.6,C,0,2.5,Dawn,11,12,1427,Apollo Sarita Vihar,6.3,28.571529,77.256832
A00725,2023-10-25,14:10:45,Wednesday,Afternoon,Delhi,New Delhi,Janakpuri,Highway stretch,Urban,3,Low,Fair,Truck,,Other,2,1,0,Moderate,,Yes,Yes,100,127,km/h,Clear,31,C,0,2.3,Dusk,15,1,1560,Fortis Vasant Kunj,2.9,28.59205,77.198463
A00726,2025-01-11,7:41:14,Saturday,Morning,Delhi,New Delhi,Saket,School Zone,Rural,1,High,Poor,Truck,41,Female,1,1,0,Severe,Vehicle Failure,Unknown,Yes,60,47,km/h,Dust,29.1,C,0,6.2,Night,18,17,1123,AIIMS,4.9,28.507706,77.125326
A00727,2024-04-29,11:22 PM,Monday,Night,Delhi,New Delhi,Dwarka,Residential Area,NH,3,High,Fair,Truck,,Other,1,1,0,Moderate,Bad Weather,Yes,No,50,85,km/h,Fog,39.3,C,0,7.9,Night,10,22,1859,LNJP,2.9,28.485615,77.17106
A00728,2025-04-04,11:27 PM,Friday,Night,Delhi,New Delhi,Chandni Chowk,Near Signal,NH,3,Medium,Fair,Two-wheeler,16,Unknown,2,0,0,Moderate,,Yes,Unknown,60,66,km/h,Dust,24.9,C,0,5.5,Dawn,14,21,333,Apollo Sarita Vihar,,28.6576,77.24285
A00729,2023-06-06,10:55 PM,Tuesday,Night,Delhi,New Delhi,Vasant Kunj,Highway stretch,NH,6,Low,Fair,Bicycle,27,Other,1,1,0,Minor,Distracted Driving,Yes,Unknown,60,,km/h,Haze,18.4,C,0.5,6.8,Dusk,16,13,2237,LNJP,16,28.617113,77.166792
A00730,2023-09-26,7:27:01,Tuesday,Morning,Delhi,New Delhi,Rohini,School Zone,NH,2,Low,Fair,Truck,,Other,1,,0,Moderate,Pedestrian Error,Unknown,Yes,40,69,km/h,Dust,31.3,C,0,6.7,Dawn,20,18,1315,Max Saket,0.6,28.508071,77.22224
A00731,2023-04-25,5:11 PM,Tuesday,Evening,Delhi,New Delhi,Janakpuri,School Zone,Expressway,3,Low,Poor,Car,33,Other,3,1,0,Severe,distracted driving,No,Yes,60,61,km/h,Thunderstorm,31.4,C,0,8.6,Night,9,5,526,Max Saket,5.2,28.633625,77.259146
A00732,2024-09-18,9:50 PM,Wednesday,Night,Delhi,New Delhi,Saket,Market Area,Expressway,2,High,Good,Auto-rickshaw,33,Other,1,0,0,Minor,Alcohol Influence,Yes,Yes,80,62,km/h,Clear,20.1,C,0,3.9,Dawn,5,6,916,Safdarjung,6.5,28.610886,77.156609
A00733,2023-01-19,9:45 PM,Thursday,Night,Delhi,New Delhi,AIIMS,Market Area,NH,4,Low,Good,Bicycle,,Other,3,,0,Severe,Reckless Overtaking,No,No,60,86,km/h,Fog,24.8,C,0,2.2,Daylight,20,13,1286,RML,3.1,28.571057,77.218611
A00734,29/01/2024,12:01:09,Monday,Afternoon,Delhi,New Delhi,Connaught Place,Market Area,Expressway,3,Low,Under Construction,Truck,23,Female,1,0,0,Severe,Overspeeding,Unknown,No,40,32.9,mph,Haze,28,C,0,4.3,Dawn,11,14,1624,AIIMS,6.3,28.6212,77.169924
A00735,2024-08-09,16:19:27,Friday,Afternoon,Delhi,New Delhi,Vasant Kunj,School Zone,Rural,2,Medium,Under Construction,Auto-rickshaw,44,Male,1,1,0,Minor,,Unknown,Yes,60,81,km/h,Fog,25.8,C,1.9,1.9,Daylight,23,3,1519,RML,3.6,28.592687,77.168783
A00736,31/05/2024,5:13 PM,Friday,Evening,Delhi,New Delhi,Okhla,Market Area,Rural,2,High,Under Construction,Car,43,Other,1,0,0,Severe,Vehicle Failure,Yes,No,80,69.6,mph,Rain,32.3,C,0,6.3,Daylight,24,5,260,Fortis Vasant Kunj,0.8,28.576354,77.095708
A00737,2025-02-22,5:37:47,Saturday,Morning,Delhi,New Delhi,Connaught Place,Highway stretch,Expressway,2,Low,Fair,Auto-rickshaw,28,Unknown,3,1,0,Severe,Reckless Overtaking,No,No,50,38.5,mph,Dust,26.8,C,0,3.8,Dusk,9,4,1565,RML,2,28.72661,77.21419
A00738,27/10/2024,23:53:14,Sunday,Night,Delhi,New Delhi,Okhla,Highway stretch,SH,3,High,Good,Car,24,Other,2,1,0,Minor,Alcohol Influence,Yes,Yes,80,85,km/h,Thunderstorm,,C,1.6,2.6,dawn,20,28,386,RML,2.9,28.630682,77.286117
A00739,30/06/2025,3:28 AM,Monday,Night,Delhi,New Delhi,IGI Airport,Highway stretch,Urban,2,High,Good,Truck,16,Female,7,1,0,Moderate,Vehicle Failure,No,No,80,94,km/h,Rain,19.6,C,7.1,4,Dawn,16,5,819,Safdarjung,3.6,28.596842,77.17496
A00740,2025-03-07,16:35:46,Friday,Afternoon,Delhi,New Delhi,Janakpuri,Near Signal,Urban,2,Medium,Poor,Bicycle,33,Female,1,0,0,Minor,Distracted Driving,Yes,No,100,122,km/h,,19.7,C,4.3,4.7,Daylight,18,17,1479,AIIMS,9.9,28.669037,77.198865
A00741,2024-04-02,11:21:00,Tuesday,Morning,Delhi,New Delhi,AIIMS,Intersection,NH,2,Low,Under Construction,Two-wheeler,56,Female,3,1,0,Minor,Overspeeding,Yes,Unknown,100,97,km/h,Fog,18.8,C,10.6,3.6,Night,22,11,1191,Safdarjung,9.6,28.666753,77.21271
A00742,2024-07-10,8:31:54,Wednesday,Morning,Delhi,New Delhi,IGI Airport,Intersection,Rural,1,High,Poor,Bus,,Unknown,4,1,0,Moderate,Alcohol Influence,Yes,Unknown,80,98,km/h,Haze,27.4,C,0,2.5,Night,17,19,1867,LNJP,8.6,28.609116,77.261351
A00743,29/08/2025,7:37:15,Friday,Morning,Delhi,New Delhi,Dwarka,Intersection,NH,3,Medium,Poor,Car,51,Unknown,2,2,0,Minor,Alcohol Influence,Unknown,No,60,72,km/h,Thunderstorm,3.1,C,0,4.9,Night,6,34,247,RML,3.7,28.643049,77.315532
A00744,2024-11-15,1:59 PM,Friday,Afternoon,Delhi,New Delhi,IGI Airport,Market Area,SH,4,Low,Poor,Auto-rickshaw,57,Other,1,2,0,Moderate,Reckless Overtaking,Yes,Yes,50,72,km/h,Rain,31.9,C,0,3.6,Daylight,14,30,1196,AIIMS,11.4,28.684965,77.138451
A00745,2023-04-15,17:08:03,Saturday,Evening,Delhi,New Delhi,AIIMS,Market Area,Rural,3,High,Fair,Auto-rickshaw,,Male,2,3,1,Moderate,Pedestrian Error,Yes,Unknown,40,77,km/h,Thunderstorm,29.2,C,8.1,4.7,Dawn,5,11,628,AIIMS,3.2,28.652626,77.182072
A00746,20/07/2024,8:46 AM,Saturday,Morning,Delhi,New Delhi,Karol Bagh,School Zone,Rural,2,High,Poor,Two-wheeler,50,Male,2,2,0,Moderate,Distracted Driving,No,Yes,60,58,km/h,Rain,28.1,C,0,7.3,Dawn,11,30,1740,Max Saket,8.4,28.56137,77.188247
A00747,2024-09-21,2:05 PM,Saturday,Afternoon,Delhi,New Delhi,Janakpuri,Intersection,Expressway,4,Medium,Good,Truck,,Male,2,1,1,Moderate,Reckless Overtaking,Yes,Yes,80,81,km/h,Thunderstorm,,C,2.2,5.4,Dusk,18,11,756,AIIMS,2.4,28.560909,77.218438
A00748,2025-04-21,4:00 AM,Monday,Night,Delhi,New Delhi,Janakpuri,School Zone,Rural,1,Low,Under Construction,Auto-rickshaw,25,Unknown,1,3,0,Fatal,Overspeeding,Yes,Unknown,80,83,km/h,Thunderstorm,13,C,0,0.8,Night,18,15,753,Max Saket,11.2,28.536579,77.250506
A00749,07/06/2025,17:36:57,Saturday,Evening,Delhi,New Delhi,Connaught Place,Near Signal,Expressway,3,Medium,Good,Auto-rickshaw,,Female,1,0,0,Minor,Overspeeding,Yes,Unknown,80,,km/h,Rain,35.7,C,0,5,Dusk,21,34,1749,AIIMS,8.6,28.651097,77.18677
A00750,21/05/2023,12:04 AM,Sunday,Night,Delhi,New Delhi,Saket,Near Signal,SH,3,Medium,Poor,Bus,28,Female,2,2,0,Minor,,Yes,Unknown,50,59,km/h,Fog,28.1,C,1.4,7.7,Night,27,1,989,Fortis Vasant Kunj,3,28.5822,77.173308
A00751,2025-06-27,11:48:49,Friday,Morning,Delhi,New Delhi,Vasant Kunj,Highway stretch,Urban,3,Medium,Fair,Car,33,Unknown,1,0,0,Minor,bad weather,No,Unknown,80,84,km/h,Rain,22.7,C,0,3.7,Night,8,11,765,AIIMS,3.8,28.613623,77.143603
A00752,16/11/2023,15:05:33,Thursday,Afternoon,Delhi,New Delhi,Lajpat Nagar,Highway stretch,NH,1,High,Fair,Auto-rickshaw,22,Male,4,1,0,Minor,,No,Yes,50,97,km/h,Thunderstorm,83.7,F,0,5.5,Night,16,15,1360,Max Saket,5.4,28.587233,77.153114
A00753,2023-01-26,6:10 PM,Thursday,Evening,Delhi,New Delhi,Connaught Place,School Zone,Urban,1,High,Under Construction,Bus,35,Other,2,1,0,Moderate,Bad Weather,No,No,80,57.8,mph,Fog,23.7,C,0,3.1,Daylight,15,15,1696,RML,4.7,28.636513,77.226178
A00754,27/03/2025,5:39 AM,Thursday,Morning,Delhi,New Delhi,Janakpuri,Residential Area,Rural,2,Medium,Under Construction,Truck,50,Male,4,0,0,Minor,Reckless Overtaking,Yes,Yes,50,56,km/h,Clear,22.5,C,0,0.3,Night,1,21,939,LNJP,9.1,28.602889,77.183821
A00755,2023-12-03,10:02 AM,Sunday,Morning,Delhi,New Delhi,Dwarka,Residential Area,SH,2,High,Fair,Truck,31,Other,2,2,0,Minor,Reckless Overtaking,No,No,100,54.7,mph,Haze,32.1,C,0,5.2,Daylight,13,23,764,RML,8,28.604414,77.247664
A00756,2024-02-14,5:57 AM,Wednesday,Morning,Delhi,New Delhi,Janakpuri,School Zone,Rural,4,Medium,Good,Bus,46,Unknown,3,0,0,Minor,distracted driving,Yes,Yes,80,100,km/h,,21.7,C,5,6,Dusk,14,0,1276,Safdarjung,3.3,28.583495,77.175667
A00757,25/01/2024,4:36 AM,Thursday,Night,Delhi,New Delhi,AIIMS,Market Area,Rural,4,Medium,Good,Bus,37,Female,4,3,0,Minor,Overspeeding,No,Unknown,100,116,km/h,Dust,28.8,C,0,3.8,Dusk,9,12,935,Fortis Vasant Kunj,4.8,28.574999,77.227649
A00758,2025-07-28,19:57:44,Monday,Evening,Delhi,New Delhi,Dwarka,Intersection,Expressway,2,Medium,Poor,Two-wheeler,35,Unknown,2,0,0,Fatal,Bad Weather,Unknown,Yes,50,47.8,mph,Clear,88.5,F,0,5.7,Dusk,22,18,1442,Fortis Vasant Kunj,5.3,28.571017,77.211162
A00759,2025-03-25,6:40 PM,Tuesday,Evening,Delhi,New Delhi,Lajpat Nagar,Intersection,SH,3,Medium,Good,Bicycle,46,Unknown,2,2,0,Severe,Distracted Driving,Yes,Unknown,60,79,km/h,Clear,38.4,C,1.1,4.6,Daylight,11,10,909,Safdarjung,1.9,28.577784,77.116666
A00760,2024-07-05,7:48:50,Friday,Morning,Delhi,New Delhi,Connaught Place,Market Area,Rural,2,High,Good,Bus,,Female,1,,0,Severe,Reckless Overtaking,No,No,60,75,km/h,Fog,23.6,C,0.7,5.6,dusk,4,3,903,Safdarjung,8.2,28.584893,77.231057
A00761,03/11/2024,4:11 PM,Sunday,Afternoon,Delhi,New Delhi,Saket,School Zone,Urban,4,High,Good,car,23,Female,1,0,0,Minor,Alcohol Influence,Unknown,Yes,80,87,km/h,Rain,35.8,C,0,3.3,Dusk,7,20,1188,RML,,28.634685,77.150235
A00762,12/11/2023,11:10 AM,Sunday,Morning,Delhi,New Delhi,Vasant Kunj,Residential Area,NH,2,Low,Under Construction,Two-wheeler,21,Female,4,0,0,Minor,,Unknown,Unknown,50,84,km/h,Clear,,C,2.7,4.2,Dawn,19,24,1076,Apollo Sarita Vihar,5.7,28.657227,77.230333
A00763,2023-02-16,13:02:33,Thursday,Afternoon,Delhi,New Delhi,AIIMS,Market Area,Rural,2,Low,Fair,Two-wheeler,,Unknown,6,2,0,Minor,Distracted Driving,Yes,Yes,60,56,km/h,Clear,9.2,C,0,4.8,Daylight,20,12,1606,Apollo Sarita Vihar,8.4,28.57771,77.2397
A00764,30/07/2023,4:16 PM,Sunday,Afternoon,Delhi,New Delhi,Rohini,Near Signal,Urban,1,Low,Good,Bus,43,Male,2,2,0,Minor,Vehicle Failure,Yes,Unknown,60,44.1,mph,Fog,23,C,0,4.3,Dusk,8,17,781,Max Saket,9.2,28.549179,77.188416
A00765,2024-02-01,16:27:54,Thursday,Afternoon,Delhi,New Delhi,Vasant Kunj,Intersection,Expressway,2,Medium,Fair,Car,34,Female,1,0,0,Severe,Pedestrian Error,No,No,80,68.4,mph,Clear,,C,0,6.3,Dusk,2,15,1463,Apollo Sarita Vihar,0.4,28.682869,77.152489
A00766,31/08/2023,3:44 PM,Thursday,Afternoon,Delhi,New Delhi,Chandni Chowk,Residential Area,Expressway,3,Low,Under Construction,Auto-rickshaw,49,Female,4,2,0,severe,,Unknown,Yes,80,79,km/h,Fog,33.9,C,0,3,Daylight,11,13,384,Max Saket,0.5,28.563915,77.155325