accident_id,date,time,day_of_week,time_of_day,state,city,area,location_type,road_type,lanes,traffic_volume,road_condition,vehicle_type,driver_age,driver_gender,persons_involved,injuries,fatalities,severity,cause_primary,alcohol_involved,seatbelt_helmet_used,speed_limit,reported_speed,speed_unit,weather_main,temperature,temp_unit,precipitation_mm,visibility_km,light_conditions,police_response_time_min,ambulance_time_min,fines_issued_inr,nearest_hospital,hospital_distance_km,latitude,longitude
A00767,03/06/2024,2:33 PM,Monday,Afternoon,Delhi,New Delhi,IGI Airport,Intersection,SH,4,Low,Under Construction,Bicycle,46,Female,1,1,0,Moderate,,Yes,No,100,104,km/h,Clear,32.3,C,0,4,Dawn,6,4,1178,RML,,28.592936,77.346462
A00768,2023-11-02,5:51 AM,Thursday,Morning,Delhi,New Delhi,Dwarka,Highway stretch,SH,4,High,Fair,Truck,23,Other,1,2,0,Minor,Reckless Overtaking,No,Yes,60,53,km/h,Haze,36,C,0,5.9,Dawn,8,20,762,RML,5.4,28.534968,77.228968
A00769,2025-06-23,5:42 AM,Monday,Morning,Delhi,New Delhi,Lajpat Nagar,Residential Area,Urban,6,High,Good,Truck,38,Other,2,3,0,Minor,Reckless Overtaking,No,No,100,60.3,mph,Thunderstorm,,C,7.8,3.7,Dawn,11,22,1201,Max Saket,7.6,28.510197,77.103264
A00770,09/09/2024,11:12 AM,Monday,Morning,Delhi,New Delhi,Karol Bagh,Near Signal,Urban,3,Low,Good,Truck,,Male,2,2,0,Moderate,Vehicle Failure,Unknown,Unknown,60,67,km/h,Fog,26.7,C,3.4,6.7,Night,14,10,1033,Max Saket,9.9,28.643753,77.195754
A00771,03/03/2025,9:25 AM,Monday,Morning,Delhi,New Delhi,IGI Airport,Market Area,Expressway,3,Medium,Fair,Truck,,Other,3,2,0,Moderate,Alcohol Influence,No,No,60,53,km/h,Clear,23.5,C,2.7,4.6,Dawn,15,8,1098,LNJP,2.6,28.62915,77.180803
A00772,04/03/2025,4:48 PM,Tuesday,Afternoon,Delhi,New Delhi,Vasant Kunj,Highway stretch,Expressway,6,Medium,Poor,Two-wheeler,48,Male,4,1,0,Severe,Alcohol Influence,Unknown,Yes,60,78,km/h,Rain,24.7,C,0.9,6,Dawn,20,20,1141,Max Saket,5.3,28.572437,77.273415
A00773,2023-07-09,9:21 AM,Sunday,Morning,Delhi,New Delhi,Saket,School Zone,Rural,4,Medium,Poor,Car,56,Unknown,3,1,0,Severe,Distracted Driving,Unknown,Unknown,80,104,km/h,Rain,,F,6.5,7.3,Dusk,13,20,621,RML,5.2,28.651994,77.162032
A00774,02/08/2023,2:08 PM,Wednesday,Afternoon,Delhi,New Delhi,Connaught Place,Market Area,SH,3,Low,Good,Two-wheeler,,Other,2,1,0,Moderate,Pedestrian Error,Unknown,No,80,73,km/h,Thunderstorm,28.2,C,0,3.7,Night,9,28,1501,Fortis Vasant Kunj,5.5,28.59197,77.156231
A00775,2024-06-22,20:26:01,Saturday,Evening,Delhi,New Delhi,AIIMS,Highway stretch,Urban,1,Low,Fair,Truck,37,Other,1,1,0,Minor,Alcohol Influence,Yes,Unknown,40,60,km/h,Dust,18.6,C,0,4.3,Daylight,16,11,1388,Max Saket,6.2,28.632272,77.163742
A00776,22/04/2024,22:14:16,Monday,Night,Delhi,New Delhi,Karol Bagh,Intersection,SH,2,Low,Under Construction,Car,27,Other,1,,0,Fatal,,Yes,Unknown,100,150,km/h,Haze,24.7,C,0,7.6,Dawn,8,13,1074,Safdarjung,2.4,28.535748,77.253073
A00777,2024-07-25,7:20 AM,Thursday,Morning,Delhi,New Delhi,Okhla,Residential Area,SH,2,Medium,Fair,Auto-rickshaw,,Unknown,1,1,0,Moderate,Vehicle Failure,No,No,50,52,km/h,Clear,21,C,0,0.6,Dusk,28,6,608,Max Saket,,28.58693,77.212067
A00778,2025-02-28,1:28:08,Friday,Night,Delhi,New Delhi,AIIMS,Highway stretch,Urban,1,High,Under Construction,Truck,32,Other,2,1,0,Fatal,Overspeeding,No,Yes,80,44.1,mph,Fog,68.7,F,0,5.2,Dawn,13,23,1343,RML,9.4,28.606083,77.167622
A00779,2024-01-13,1:28:51,Saturday,Night,Delhi,New Delhi,Vasant Kunj,School Zone,Expressway,2,High,Under Construction,Bus,,Female,2,1,0,Minor,Distracted Driving,Yes,No,50,53,km/h,Clear,65.1,F,0,4.8,Daylight,14,11,441,LNJP,,28.663126,77.229402
A00780,18/05/2023,9:15:59,Thursday,Morning,Delhi,New Delhi,Rohini,Near Signal,SH,2,Medium,Fair,Bus,34,Other,1,1,0,Fatal,Distracted Driving,Yes,No,60,28,km/h,Thunderstorm,27.8,C,0,2.1,Dusk,19,8,1196,Fortis Vasant Kunj,1.4,28.666851,77.208906
A00781,10/08/2024,11:03 PM,Saturday,Night,Delhi,New Delhi,Saket,Intersection,SH,3,Medium,Fair,Bicycle,,Other,1,0,0,Minor,Alcohol Influence,Yes,Yes,40,60,km/h,Rain,30.1,C,4.7,4.3,Dawn,17,31,1512,AIIMS,6.1,28.644342,77.153549
A00782,2023-12-24,10:03 AM,Sunday,Morning,Delhi,New Delhi,Saket,Residential Area,SH,2,High,Fair,Bicycle,41,Female,6,1,0,Moderate,Overspeeding,Unknown,Yes,60,,km/h,Clear,27.3,C,3.3,5,Night,4,28,604,Fortis Vasant Kunj,4.1,28.537796,77.281638
A00783,2023-03-11,5:11:56,Saturday,Morning,Delhi,New Delhi,Saket,Near Signal,NH,3,Low,Under Construction,Auto-rickshaw,44,Female,3,0,0,Moderate,Overspeeding,Unknown,No,60,79,km/h,,39.5,C,6.1,4.9,Night,17,9,1040,Fortis Vasant Kunj,6.3,28.531405,77.160038
A00784,12/02/2025,9:41:37,Wednesday,Morning,Delhi,New Delhi,Connaught Place,Intersection,NH,2,High,Under Construction,Two-wheeler,62,Unknown,3,1,0,Minor,,Unknown,Unknown,80,109,km/h,Thunderstorm,26.3,C,0,2.6,Dusk,23,20,1527,Fortis Vasant Kunj,4,28.626575,77.158015
A00785,2023-11-27,12:50 PM,Monday,Afternoon,Delhi,New Delhi,Chandni Chowk,Near Signal,Expressway,2,Medium,Fair,Truck,38,Female,3,0,0,Minor,Pedestrian Error,Unknown,No,60,,km/h,Rain,34.7,C,0,3.2,Night,15,23,1159,RML,5.3,28.588129,77.248684
A00786,13/07/2024,8:26 AM,Saturday,Morning,Delhi,New Delhi,Rohini,School Zone,Urban,2,High,Poor,Truck,35,Unknown,2,1,0,Fatal,Overspeeding,Yes,No,100,125,km/h,Haze,12.6,C,0,0.3,Daylight,12,26,1274,RML,0.5,28.58807,77.253458
A00787,11/02/2025,12:24:09,Tuesday,Afternoon,Delhi,New Delhi,Janakpuri,Market Area,Urban,4,Medium,Fair,Car,46,Female,1,3,0,Severe,Pedestrian Error,Yes,No,40,57,km/h,Haze,30.2,C,0,5.6,Dawn,24,22,667,Safdarjung,4.9,28.614728,77.141482
A00788,18/09/2023,15:37:29,Monday,Afternoon,Delhi,New Delhi,Okhla,Market Area,Expressway,2,Low,Poor,Truck,19,Other,1,1,0,Moderate,Overspeeding,Yes,No,60,67,km/h,Thunderstorm,39.1,C,0,2.5,Dusk,9,13,1008,LNJP,3.3,28.606115,77.174261
A00789,27/09/2023,5:20:59,Wednesday,Morning,Delhi,New Delhi,Chandni Chowk,School Zone,SH,2,Low,Fair,Two-wheeler,,Female,1,2,0,Fatal,Reckless Overtaking,Unknown,No,60,56.5,mph,Fog,30.9,C,0,1.1,Dawn,20,16,1546,LNJP,10.6,28.548671,77.242246
A00790,17/08/2024,12:13:23,Saturday,Afternoon,Delhi,New Delhi,Karol Bagh,Market Area,Rural,2,Low,Good,Car,,Other,1,0,0,Fatal,Pedestrian Error,No,Unknown,100,94,km/h,Haze,21.6,C,0,4.4,Daylight,17,28,1031,AIIMS,5.4,28.624718,77.212454
A00791,13/12/2023,8:21 PM,Wednesday,Evening,Delhi,New Delhi,Okhla,Intersection,SH,4,Low,Poor,Two-wheeler,24,Other,5,1,0,Moderate,Pedestrian Error,Unknown,Yes,40,39,km/h,Fog,97.3,F,0,5.4,dusk,13,19,2489,Safdarjung,1.1,28.610506,77.201645
A00792,04/07/2025,11:31 PM,Friday,Night,Delhi,New Delhi,Connaught Place,Residential Area,NH,2,Low,Fair,Two-wheeler,,Unknown,2,0,0,Moderate,Pedestrian Error,No,No,60,69,km/h,Haze,17.3,C,0,8.3,Dawn,20,16,978,Apollo Sarita Vihar,2,28.567026,77.206866
A00793,01/05/2024,3:29 PM,Wednesday,Afternoon,Delhi,New Delhi,Vasant Kunj,Near Signal,SH,2,High,Poor,Two-wheeler,,Unknown,3,0,0,Minor,Bad Weather,Yes,Yes,40,28,km/h,Clear,33.8,C,0.8,4.3,Daylight,18,17,108,Max Saket,4,28.556193,77.164131
A00794,08/06/2025,5:47:02,Sunday,Morning,Delhi,New Delhi,AIIMS,Residential Area,NH,2,Medium,Under Construction,Auto-rickshaw,44,Female,2,2,0,Severe,Pedestrian Error,Yes,Unknown,80,66.5,mph,Haze,22.7,C,0,4.3,Night,6,25,405,RML,3,28.605139,77.230972
A00795,2025-06-17,9:34 PM,Tuesday,Night,Delhi,New Delhi,IGI Airport,Near Signal,SH,2,Low,Under Construction,Car,32,Male,3,1,,Minor,Distracted Driving,Unknown,Unknown,60,54.7,mph,Clear,26.6,C,0,4.8,Night,9,2,1286,LNJP,5.2,28.553827,77.247964
A00796,31/01/2024,4:44 AM,Wednesday,Night,Delhi,New Delhi,Rohini,Near Signal,Rural,1,High,Poor,two-wheeler,25,Unknown,1,1,0,Moderate,Alcohol Influence,Yes,No,40,60,km/h,Dust,31.4,C,10.4,4.5,Daylight,35,23,454,LNJP,7.7,28.714913,77.222572
A00797,2023-01-13,14:15:35,Friday,Afternoon,Delhi,New Delhi,Karol Bagh,School Zone,Rural,3,Medium,Under Construction,Two-wheeler,30,Other,2,2,0,Minor,,Unknown,No,80,51,mph,Clear,22,C,0,5.4,Night,22,13,517,Safdarjung,8.7,28.695002,77.173964
A00798,31/01/2023,12:17 AM,Tuesday,Night,Delhi,New Delhi,Karol Bagh,School Zone,Rural,3,Low,Poor,Bus,40,Other,4,2,0,Minor,Distracted Driving,No,No,40,54,km/h,Fog,24.2,C,4.8,4.7,Dusk,15,19,384,Safdarjung,5.1,28.592999,77.080497
A00799,2023-03-18,22:58:15,Saturday,Night,Delhi,New Delhi,IGI Airport,School Zone,Urban,4,Low,Poor,Bicycle,,Other,1,1,0,Moderate,Bad Weather,Yes,No,100,,km/h,Dust,85.8,F,0,4.5,Daylight,18,24,1008,AIIMS,2.4,28.669634,77.174578
A00800,2023-04-22,9:08 AM,Saturday,Morning,Delhi,New Delhi,Lajpat Nagar,School Zone,Rural,2,High,Fair,Bicycle,50,Male,1,,0,Severe,Overspeeding,Yes,Yes,80,64,km/h,Haze,24.5,C,0,3.2,Night,19,46,1585,Max Saket,1.4,28.571335,77.225007
A00801,18/10/2024,11:44 PM,Friday,Night,Delhi,New Delhi,IGI Airport,Intersection,Urban,3,Medium,Poor,Bicycle,,Unknown,3,0,0,Fatal,Alcohol Influence,Unknown,No,50,65,km/h,Clear,23.3,C,0,6.3,Night,19,28,644,Max Saket,0.9,28.630071,77.263654
A00802,2025-05-15,3:02:23,Thursday,Night,Delhi,New Delhi,Dwarka,Residential Area,SH,2,High,Under Construction,Bicycle,,Unknown,2,1,0,Minor,Alcohol Influence,Unknown,Yes,50,53,km/h,Thunderstorm,26.1,C,0,3.5,dawn,17,35,1400,LNJP,6.8,28.697526,77.166352
A00803,06/02/2024,4:29:06,Tuesday,Night,Delhi,New Delhi,Chandni Chowk,Highway stretch,Expressway,1,High,Poor,Car,40,Other,4,0,0,Moderate,Vehicle Failure,Yes,No,80,111,km/h,Rain,21,C,0,3.7,Daylight,30,30,537,RML,4.1,28.661056,77.164507
A00804,29/02/2024,15:17:52,Thursday,Afternoon,Delhi,New Delhi,Janakpuri,Market Area,Expressway,2,High,Fair,Bicycle,47,Other,1,1,0,Minor,Distracted Driving,Unknown,Unknown,80,93,km/h,Clear,20.3,C,0,5.1,Dawn,21,23,1312,Safdarjung,4,28.611558,77.226627
A00805,2023-04-21,9:28:07,Friday,Morning,Delhi,New Delhi,Dwarka,Intersection,NH,3,High,Poor,Two-wheeler,23,Female,3,1,0,Minor,Bad Weather,No,No,100,,km/h,Fog,,C,0,5.1,Dawn,9,19,661,LNJP,6.4,28.61911,77.189052
A00806,15/06/2024,22:48:08,Saturday,Night,Delhi,New Delhi,Lajpat Nagar,Highway stretch,Expressway,1,Medium,Fair,Bicycle,25,Unknown,1,0,0,Moderate,Vehicle Failure,Unknown,No,60,78,km/h,Rain,28.5,C,0,8.1,Dawn,3,25,1619,Apollo Sarita Vihar,6.1,28.590073,77.173216
A00807,05/08/2025,6:20 AM,Tuesday,Morning,Delhi,New Delhi,Lajpat Nagar,Residential Area,SH,2,Medium,Fair,Car,32,Male,1,1,0,Minor,Distracted Driving,Yes,Yes,60,51.6,mph,Rain,28.9,C,2.8,8.7,Dawn,23,21,1493,Fortis Vasant Kunj,5.6,28.710006,77.280777
A00808,29/07/2025,1:14 PM,Tuesday,Afternoon,Delhi,New Delhi,Vasant Kunj,Highway stretch,Expressway,2,Medium,Good,Bus,28,Male,2,1,0,Fatal,Overspeeding,Unknown,Yes,50,76,km/h,Clear,,F,0,5.1,Dusk,24,33,674,Apollo Sarita Vihar,2,28.529415,77.220793
A00809,2023-06-20,20:19:44,Tuesday,Evening,Delhi,New Delhi,Okhla,School Zone,Urban,3,Low,Poor,Bicycle,16,Other,3,1,0,Minor,Reckless Overtaking,Yes,Unknown,80,91,km/h,Dust,,F,0,9.5,Dawn,24,11,1528,Safdarjung,12.3,28.564093,77.159378
A00810,2024-02-27,6:16:26,Tuesday,Morning,Delhi,New Delhi,Vasant Kunj,School Zone,NH,1,Medium,Under Construction,Two-wheeler,42,Unknown,2,1,0,Minor,Vehicle Failure,No,Yes,40,47,km/h,Clear,27.5,C,0,3.8,Daylight,8,22,1406,Safdarjung,8.3,28.593503,77.155341
A00811,18/03/2023,1:21 AM,Saturday,Night,Delhi,New Delhi,Janakpuri,Market Area,Urban,1,Low,Fair,Two-wheeler,43,Female,1,1,0,Moderate,Distracted Driving,No,Unknown,60,80,km/h,Fog,25.2,C,4,3.2,Daylight,10,10,980,Safdarjung,6.5,28.63759,77.183126
A00812,30/05/2023,6:50 AM,Tuesday,Morning,Delhi,New Delhi,Dwarka,Intersection,Expressway,3,Medium,Fair,Bus,31,Female,3,,0,Minor,Overspeeding,No,Yes,40,43,km/h,Haze,28.1,C,0,1.3,Night,1,24,533,Max Saket,3,28.580161,77.183323
A00813,17/12/2024,9:48 PM,Tuesday,Night,Delhi,New Delhi,Lajpat Nagar,Near Signal,NH,3,Low,Under Construction,Two-wheeler,30,Female,4,1,0,Severe,Reckless Overtaking,Unknown,Unknown,60,72,km/h,Clear,32.7,C,0,3.6,Dawn,15,16,2331,AIIMS,7.4,28.520873,77.169108
A00814,2024-05-20,15:52:22,Monday,Afternoon,Delhi,New Delhi,Connaught Place,Intersection,Rural,2,Medium,Fair,auto-rickshaw,43,Other,3,0,0,Fatal,Pedestrian Error,Yes,No,50,44.7,mph,Fog,31.3,C,0,3.5,Daylight,17,22,1266,AIIMS,8.1,28.670565,77.296469
A00815,18/04/2023,10:10:28,Tuesday,Morning,Delhi,New Delhi,Lajpat Nagar,Intersection,NH,2,Medium,Poor,Bicycle,32,Unknown,1,1,0,Fatal,Distracted Driving,Yes,Unknown,80,37.9,mph,Thunderstorm,39.7,C,2.3,4.5,Daylight,15,13,1511,AIIMS,10.5,28.644924,77.262015
A00816,06/06/2025,14:12:55,Friday,Afternoon,Delhi,New Delhi,Rohini,Intersection,Rural,1,High,Poor,Bicycle,28,Male,1,0,0,Moderate,Vehicle Failure,Unknown,No,60,96,km/h,Rain,27.3,C,0,4.2,Dusk,26,22,1399,LNJP,5.5,28.574255,77.139188
A00817,17/05/2023,4:43 PM,Wednesday,Afternoon,Delhi,New Delhi,Chandni Chowk,Near Signal,Urban,2,Medium,Poor,Auto-rickshaw,,Female,2,0,0,Severe,,Unknown,No,40,28.6,mph,Haze,24.1,C,7.1,7.1,Night,12,25,257,Safdarjung,,28.615784,77.206915
A00818,2024-10-24,10:19 AM,Thursday,Morning,Delhi,New Delhi,Chandni Chowk,Residential Area,SH,3,Low,Fair,Auto-rickshaw,28,Unknown,3,2,0,Severe,Bad Weather,Yes,Yes,60,55.9,mph,Fog,96.8,F,0,2,Dawn,17,34,751,Max Saket,4.5,28.64199,77.222989
A00819,11/02/2024,8:02:12,Sunday,Morning,Delhi,New Delhi,Dwarka,Intersection,SH,3,High,Poor,Bicycle,42,Unknown,1,0,0,Minor,,No,No,80,114,km/h,,27.8,C,0,7.8,Dusk,7,29,534,Max Saket,5.5,28.489474,77.1486
A00820,31/08/2023,7:10 PM,Thursday,Evening,Delhi,New Delhi,Vasant Kunj,School Zone,Expressway,4,High,Under Construction,Bus,46,Male,3,1,0,Moderate,Vehicle Failure,Yes,Yes,40,29.8,mph,Thunderstorm,31.8,C,0,6,Dawn,12,16,1771,AIIMS,4.5,28.499504,77.196556
A00821,10/03/2025,0:13:40,Monday,Night,Delhi,New Delhi,Rohini,Intersection,SH,1,Medium,Fair,Truck,56,Other,2,1,,Fatal,Overspeeding,Yes,Yes,80,99,km/h,Rain,18,C,0,1.1,Dawn,23,39,1156,Safdarjung,4,28.500452,77.221954
A00822,16/04/2024,6:48 PM,Tuesday,Evening,Delhi,New Delhi,Rohini,Residential Area,Expressway,2,High,Under Construction,Bus,27,Female,2,0,0,Severe,Overspeeding,Unknown,Unknown,50,60,km/h,Clear,29.3,C,0,6.4,Dawn,18,27,700,Fortis Vasant Kunj,9.1,28.67029,77.219258
A00823,05/03/2025,12:27:50,Wednesday,Afternoon,Delhi,New Delhi,Lajpat Nagar,Market Area,Rural,3,Medium,Fair,Two-wheeler,48,Unknown,5,0,0,Moderate,Vehicle Failure,Yes,Unknown,100,101,km/h,haze,28.4,C,0,3.9,Dusk,12,8,926,Apollo Sarita Vihar,,28.675947,77.18399
A00824,2024-02-24,20:25:59,Saturday,Evening,Delhi,New Delhi,Vasant Kunj,Highway stretch,Urban,3,High,Under Construction,Bus,,Female,1,0,0,Severe,Overspeeding,Unknown,Yes,60,75,km/h,Haze,20.8,C,0,2.7,Daylight,8,5,804,Fortis Vasant Kunj,7,28.532187,77.170294
A00825,13/04/2023,14:38:06,Thursday,Afternoon,Delhi,New Delhi,Dwarka,Intersection,NH,2,Medium,Fair,Bus,35,Female,2,0,0,Minor,Bad Weather,Yes,Unknown,60,57,km/h,Fog,28.3,C,0,5.1,Dawn,19,25,1513,Safdarjung,4,28.574651,77.248603
A00826,06/07/2025,8:34 PM,Sunday,Evening,Delhi,New Delhi,Karol Bagh,Near Signal,Urban,2,High,Under Construction,Auto-rickshaw,33,Female,1,0,0,Minor,Distracted Driving,Yes,Yes,60,76,km/h,Rain,25.1,C,0,3,Night,18,31,637,Apollo Sarita Vihar,11.5,28.715431,77.195772
A00827,2024-04-02,17:00:49,Tuesday,Evening,Delhi,New Delhi,IGI Airport,Near Signal,NH,2,Medium,Under Construction,bicycle,,Other,4,1,0,Minor,Reckless Overtaking,No,Yes,80,,km/h,Fog,38.9,C,2.4,6.1,Daylight,10,24,605,LNJP,2,28.576773,77.204522
A00828,29/08/2023,2:19 PM,Tuesday,Afternoon,Delhi,New Delhi,Connaught Place,Residential Area,NH,3,High,Under Construction,Car,35,Female,1,1,0,Moderate,,Unknown,No,80,60.3,mph,Fog,22.8,C,0,6.9,Daylight,11,20,404,LNJP,3.2,28.688329,77.154955
A00829,02/10/2023,13:04:31,Monday,Afternoon,Delhi,New Delhi,Janakpuri,Near Signal,Rural,3,Low,Under Construction,bus,,Other,3,1,0,Minor,,Unknown,No,60,54,km/h,Thunderstorm,31.5,C,0,0.9,Daylight,12,17,1156,Safdarjung,4.7,28.64666,77.244121
A00830,2024-04-01,11:39 PM,Monday,Night,Delhi,New Delhi,Vasant Kunj,Market Area,NH,3,Medium,Poor,Car,29,Other,1,1,0,Minor,Overspeeding,Unknown,Unknown,50,24.9,mph,Fog,38.6,C,3,3.8,Daylight,20,22,1447,RML,,28.568479,77.195391
A00831,06/12/2024,14:50:13,Friday,Afternoon,Delhi,New Delhi,Rohini,School Zone,Expressway,3,Low,Under Construction,Bus,29,Unknown,1,0,0,Minor,Reckless Overtaking,Yes,Unknown,50,52,km/h,Clear,17.5,C,0,4.9,Dawn,10,18,1100,Fortis Vasant Kunj,6.3,28.588326,77.304336
A00832,2023-07-22,8:28:05,Saturday,Morning,Delhi,New Delhi,IGI Airport,Market Area,Urban,2,Low,Fair,Auto-rickshaw,33,Female,4,2,0,Moderate,Overspeeding,Unknown,No,60,73,km/h,Clear,86.2,F,9.1,6.8,Dawn,11,28,915,Apollo Sarita Vihar,8.4,28.607607,77.192455
A00833,2024-09-02,7:11 PM,Monday,Evening,Delhi,New Delhi,Dwarka,Intersection,Rural,4,Medium,Under Construction,Bus,26,Other,3,1,0,Fatal,Bad Weather,Yes,Unknown,100,102,km/h,Rain,19.4,C,0,1.4,Dusk,17,6,1326,LNJP,2.1,28.468365,77.225279
A00834,03/05/2025,22:27:02,Saturday,Night,Delhi,New Delhi,Connaught Place,Intersection,Expressway,2,High,Under Construction,Auto-rickshaw,68,Female,3,1,0,Moderate,Reckless Overtaking,Unknown,No,40,53,km/h,Clear,23.7,C,0,4.7,night,0,19,241,Max Saket,7.2,28.584495,77.286731
A00835,2023-03-17,9:23 AM,Friday,Morning,Delhi,New Delhi,IGI Airport,Residential Area,Urban,4,High,Under Construction,Bus,23,Unknown,4,2,0,Moderate,Reckless Overtaking,Unknown,Yes,60,92,km/h,fog,22.7,C,0,4.8,Dawn,11,31,1515,Apollo Sarita Vihar,1.7,28.574744,77.212084
A00836,11/07/2024,1:00:24,Thursday,Night,Delhi,New Delhi,Connaught Place,Highway stretch,Urban,1,Low,Under Construction,Truck,,Unknown,3,1,0,Minor,,Unknown,No,50,35,km/h,Thunderstorm,24.7,C,0,4.4,Night,16,31,1741,Apollo Sarita Vihar,3.3,28.695328,77.136506
A00837,26/10/2024,1:01:28,Saturday,Night,Delhi,New Delhi,Dwarka,School Zone,Expressway,2,Medium,Under Construction,Bicycle,30,Other,4,0,0,Moderate,Reckless Overtaking,No,Unknown,40,77,km/h,Dust,14.1,C,0,4.9,Daylight,20,13,629,RML,2.3,28.613054,77.210224
A00838,08/07/2025,10:23:45,Tuesday,Morning,Delhi,New Delhi,Karol Bagh,Near Signal,Urban,4,Medium,Good,Car,41,Unknown,3,0,0,Severe,Alcohol Influence,Unknown,Unknown,80,98,km/h,Haze,26.6,C,0,4.6,Night,12,12,959,LNJP,,28.708067,77.206098
A00839,15/09/2024,17:55:49,Sunday,Evening,Delhi,New Delhi,Janakpuri,Intersection,Expressway,3,Medium,Poor,Car,34,Female,1,1,0,Minor,,Unknown,No,60,58,km/h,Clear,31.1,C,4.1,4.7,Dusk,16,18,434,Apollo Sarita Vihar,1.7,28.646459,77.179379
A00840,2025-07-04,9:36 PM,Friday,Night,Delhi,New Delhi,Lajpat Nagar,Near Signal,Expressway,2,High,Good,Car,16,Unknown,2,2,,Severe,Pedestrian Error,Yes,No,40,61,km/h,rain,38.4,C,9.7,8.3,Dusk,23,11,375,Max Saket,5.7,28.628974,77.24216
A00841,22/08/2024,15:29:14,Thursday,Afternoon,Delhi,New Delhi,Saket,Market Area,NH,3,Low,Good,Bus,40,Unknown,6,1,0,Moderate,Reckless Overtaking,Yes,Yes,80,61,km/h,Clear,31.7,C,0,5.2,Night,19,13,1095,AIIMS,,28.64675,77.145725
A00842,26/07/2023,12:10 PM,Wednesday,Afternoon,Delhi,New Delhi,Vasant Kunj,School Zone,Expressway,1,Medium,Poor,Truck,35,Other,1,1,0,Moderate,Reckless Overtaking,No,Unknown,40,64,km/h,Haze,27.9,C,3.9,3.8,Daylight,6,28,883,LNJP,5.8,28.572629,77.28246
A00843,2024-02-15,7:35 PM,Thursday,Evening,Delhi,New Delhi,Dwarka,Residential Area,NH,2,Medium,Fair,Bus,42,Male,1,0,0,Minor,Reckless Overtaking,No,No,80,77,km/h,Clear,34.5,C,0,9.9,Dawn,15,12,1121,Apollo Sarita Vihar,2.8,28.654458,77.221258
A00844,2023-05-12,13:40:11,Friday,Afternoon,Delhi,New Delhi,Dwarka,Residential Area,Expressway,2,Medium,Fair,Auto-rickshaw,32,Female,1,1,0,Moderate,Vehicle Failure,No,Unknown,60,49,km/h,Haze,,C,0,3.5,Night,17,2,1026,Max Saket,8.4,28.560541,77.21934
A00845,2024-09-22,2:11 PM,Sunday,Afternoon,Delhi,New Delhi,Okhla,Intersection,Expressway,4,Medium,Under Construction,Auto-rickshaw,38,Male,1,1,0,Minor,Alcohol Influence,Unknown,Yes,50,43,km/h,Thunderstorm,36.2,C,0,6.3,Dusk,13,23,1431,LNJP,7,28.576691,77.234743
A00846,2023-08-27,14:42:22,Sunday,Afternoon,Delhi,New Delhi,Janakpuri,School Zone,Urban,3,Medium,Under Construction,Two-wheeler,34,Unknown,7,0,0,Moderate,Overspeeding,Unknown,Yes,50,48,km/h,,,F,0,3.7,Night,15,16,501,LNJP,3.3,28.612623,77.289764
A00847,2024-12-22,23:49:15,Sunday,Night,Delhi,New Delhi,Dwarka,Market Area,Rural,2,Low,Good,Auto-rickshaw,,Female,1,0,0,Fatal,Alcohol Influence,Unknown,Yes,50,59,km/h,Dust,17.5,C,2.1,4.1,Night,11,26,370,Safdarjung,4.7,28.591974,77.205096
A00848,18/03/2024,10:18 PM,Monday,Night,Delhi,New Delhi,IGI Airport,Intersection,SH,1,Low,Fair,truck,37,Female,1,1,0,Severe,Reckless Overtaking,Yes,No,100,122,km/h,Thunderstorm,15.4,C,0,4.6,Dusk,14,10,1425,Max Saket,5.5,28.583861,77.237355
A00849,25/08/2025,0:32:58,Monday,Night,Delhi,New Delhi,Connaught Place,Intersection,Rural,3,High,Fair,Bus,,Female,2,0,0,Minor,Alcohol Influence,No,Yes,50,43.5,mph,Rain,28.1,C,0,5.4,Night,12,13,1312,LNJP,1.3,28.541596,77.165355
A00850,29/01/2023,16:25:25,Sunday,Afternoon,Delhi,New Delhi,AIIMS,Market Area,NH,2,Low,Under Construction,Truck,34,Male,4,2,0,Moderate,Distracted Driving,Unknown,Yes,60,68,km/h,Rain,19.9,C,1.9,4.9,Daylight,27,16,873,Apollo Sarita Vihar,6.7,28.579702,77.25907