accident_id,date,time,day_of_week,time_of_day,state,city,area,location_type,road_type,lanes,traffic_volume,road_condition,vehicle_type,driver_age,driver_gender,persons_involved,injuries,fatalities,severity,cause_primary,alcohol_involved,seatbelt_helmet_used,speed_limit,reported_speed,speed_unit,weather_main,temperature,temp_unit,precipitation_mm,visibility_km,light_conditions,police_response_time_min,ambulance_time_min,fines_issued_inr,nearest_hospital,hospital_distance_km,latitude,longitude
A01021,08/06/2023,2:37 AM,Thursday,Night,Delhi,New Delhi,IGI Airport,School Zone,Rural,2,Medium,Good,Auto-rickshaw,30,Female,3,0,0,Minor,Alcohol Influence,Unknown,Unknown,40,60,km/h,Rain,21.2,C,0,2.6,Daylight,3,20,927,Max Saket,7.3,28.591187,77.191317
A01022,25/01/2025,2:54 PM,Saturday,Afternoon,Delhi,New Delhi,Dwarka,Intersection,NH,4,Medium,Under Construction,Bus,51,Other,3,,0,Severe,Overspeeding,Unknown,No,50,37.3,mph,Dust,28.2,C,0,6.2,Dusk,3,23,0,LNJP,7,28.733475,77.207232
A01023,2025-07-20,2:24:35,Sunday,Night,Delhi,New Delhi,Vasant Kunj,Intersection,Expressway,3,High,Poor,Truck,30,Other,4,0,0,Moderate,,Unknown,Unknown,100,116,km/h,Haze,28.2,C,0,6.5,Night,25,15,1344,Apollo Sarita Vihar,2.6,28.583841,77.221988
A01024,10/05/2023,0:58:34,Wednesday,Night,Delhi,New Delhi,Janakpuri,School Zone,NH,1,Low,Fair,Car,30,Unknown,3,0,0,severe,distracted driving,No,Unknown,100,,km/h,Dust,57.4,F,0,4.2,Daylight,14,30,631,Max Saket,4.3,28.531625,77.157793
A01025,28/05/2025,12:58:46,Wednesday,Afternoon,Delhi,New Delhi,Rohini,School Zone,Expressway,2,Low,Good,Bus,46,Other,3,2,0,Minor,overspeeding,No,Yes,50,48,km/h,Fog,34.7,C,4.4,8,Night,18,22,246,Safdarjung,3.2,28.608834,77.178903
A01026,27/03/2024,16:04:03,Wednesday,Afternoon,Delhi,New Delhi,IGI Airport,Highway stretch,SH,4,Medium,Fair,Auto-rickshaw,27,Female,2,1,0,Minor,Overspeeding,No,Unknown,60,36,km/h,Rain,27.8,C,10.2,4.6,Dusk,19,12,832,Apollo Sarita Vihar,1.4,28.565621,77.214403
A01027,15/12/2024,3:49 PM,Sunday,Afternoon,Delhi,New Delhi,Rohini,Residential Area,SH,2,Medium,Fair,Truck,,Unknown,1,0,0,Moderate,Pedestrian Error,No,No,100,120,km/h,Clear,,C,0,4.7,Dawn,23,17,1202,Fortis Vasant Kunj,2.2,28.660202,77.321885
A01028,01/12/2024,0:51:50,Sunday,Night,Delhi,New Delhi,Okhla,Near Signal,Expressway,3,High,Poor,Two-wheeler,27,Female,4,1,,Moderate,Pedestrian Error,Unknown,No,100,52.8,mph,Fog,21.2,C,0,4.9,Dusk,19,22,634,AIIMS,3.2,28.601747,77.197302
A01029,2025-07-19,12:07 AM,Saturday,Night,Delhi,New Delhi,Janakpuri,Intersection,Rural,1,High,Under Construction,Two-wheeler,49,Unknown,2,0,0,Minor,Alcohol Influence,Unknown,Unknown,80,91,km/h,Clear,29.9,C,0,2.8,Night,11,10,1004,LNJP,9.1,28.504132,77.167648
A01030,21/11/2024,17:47:02,Thursday,Evening,Delhi,New Delhi,Okhla,Residential Area,NH,3,Low,Poor,Bus,19,Other,2,2,0,Fatal,Distracted Driving,Unknown,Yes,50,73,km/h,Haze,19.7,C,3.9,6.7,Daylight,15,18,0,AIIMS,3,28.566418,77.208505
A01031,2023-09-02,12:06 AM,Saturday,Night,Delhi,New Delhi,Karol Bagh,Market Area,Rural,2,Medium,Under Construction,Car,42,Unknown,3,0,0,Severe,Vehicle Failure,Unknown,No,60,42.3,mph,Rain,28.4,C,0,7,Night,14,28,261,Max Saket,2.1,28.618672,77.124149
A01032,18/12/2023,8:42 PM,Monday,Evening,Delhi,New Delhi,Karol Bagh,School Zone,NH,2,Low,Poor,Bus,17,Unknown,1,2,,Minor,Pedestrian Error,Unknown,Unknown,40,72,km/h,Rain,34.2,C,0,7.6,Dawn,5,20,927,Apollo Sarita Vihar,4.2,28.622009,77.205414
A01033,28/03/2025,11:18 AM,Friday,Morning,Delhi,New Delhi,Rohini,School Zone,Expressway,3,Medium,Fair,Truck,37,Male,2,4,0,Severe,Reckless Overtaking,Unknown,Yes,80,112,km/h,Haze,27,C,0,5.1,Dusk,14,19,426,RML,4,28.6538,77.220276
A01034,2024-02-24,12:25 PM,Saturday,Afternoon,Delhi,New Delhi,Karol Bagh,Intersection,NH,2,Low,Good,Bicycle,29,Female,3,2,0,minor,,No,No,50,56,km/h,Clear,17.4,C,0,4.3,Night,13,25,1090,AIIMS,2.5,28.637694,77.213155
A01035,24/10/2023,9:50 PM,Tuesday,Night,Delhi,New Delhi,Okhla,Residential Area,NH,3,Low,Poor,Auto-rickshaw,42,Unknown,4,0,0,Minor,,Unknown,Unknown,60,,km/h,Rain,67.6,F,0.9,8.8,Dawn,13,0,0,RML,,28.645853,77.180249
A01036,2024-07-08,12:09:13,Monday,Afternoon,Delhi,New Delhi,Chandni Chowk,Near Signal,Urban,2,High,Under Construction,Car,16,Other,2,1,0,Moderate,Alcohol Influence,No,Yes,40,30,km/h,Fog,30.6,C,0,7.9,Daylight,4,26,0,RML,4.9,28.711933,77.235441
A01037,2025-05-10,2:23:37,Saturday,Night,Delhi,New Delhi,Chandni Chowk,Market Area,Expressway,3,High,Good,Bus,43,Female,4,0,0,Moderate,Bad Weather,No,Unknown,60,86,km/h,Dust,23.6,C,1.8,4.1,Dawn,14,19,785,Apollo Sarita Vihar,1.7,28.704802,77.247267
A01038,19/08/2025,1:06 PM,Tuesday,Afternoon,Delhi,New Delhi,Dwarka,Residential Area,SH,1,Medium,Poor,Bus,38,Other,1,1,0,Severe,Pedestrian Error,Yes,Yes,100,95,km/h,Haze,27.6,C,0,1,Night,11,7,1200,Max Saket,5.8,28.622892,77.242298
A01039,05/08/2023,6:18 PM,Saturday,Evening,Delhi,New Delhi,Rohini,Residential Area,Expressway,3,Low,Poor,Truck,34,Male,4,0,0,Severe,Bad Weather,Unknown,No,80,44.1,mph,Rain,30.3,C,5.8,6.1,Night,24,15,810,Safdarjung,2.5,28.588055,77.251024
A01040,31/08/2024,3:34 PM,Saturday,Afternoon,Delhi,New Delhi,Janakpuri,Near Signal,SH,4,Low,Fair,Bicycle,55,Male,1,0,,Minor,Vehicle Failure,Unknown,No,80,,km/h,Thunderstorm,20.6,C,1.1,5.6,Dawn,16,11,286,Safdarjung,5.9,28.58112,77.214676
A01041,04/06/2025,9:46 PM,Wednesday,Night,Delhi,New Delhi,Janakpuri,School Zone,NH,2,Low,Poor,Bus,,Female,1,2,0,Moderate,Pedestrian Error,Unknown,Unknown,80,108,km/h,Thunderstorm,78.6,F,0,6.1,Night,15,20,725,LNJP,9.5,28.555184,77.143962
A01042,02/02/2023,13:35:04,Thursday,Afternoon,Delhi,New Delhi,AIIMS,Near Signal,Urban,4,High,Fair,Auto-rickshaw,31,Female,3,1,0,Moderate,,Yes,No,40,46,km/h,Dust,42.1,C,0,7.6,daylight,23,21,1019,Max Saket,7.4,28.543199,77.250728
A01043,22/07/2023,6:50 AM,Saturday,Morning,Delhi,New Delhi,Karol Bagh,Market Area,NH,3,High,Poor,Car,39,Unknown,1,1,1,Minor,Bad Weather,Yes,No,80,,km/h,Haze,26.3,C,0,6.2,Daylight,5,10,1124,AIIMS,0.4,28.688375,77.224058
A01044,18/09/2024,12:52 PM,Wednesday,Afternoon,Delhi,New Delhi,Lajpat Nagar,Market Area,Urban,2,High,Good,Auto-rickshaw,42,Male,1,1,0,Moderate,Overspeeding,Yes,Yes,50,37,km/h,Fog,31.2,C,1.6,5.3,Dawn,11,11,1210,Max Saket,5.3,28.565894,77.207136
A01045,2023-05-29,11:55:52,Monday,Morning,Delhi,New Delhi,IGI Airport,Market Area,SH,4,Low,Good,Two-wheeler,20,Female,2,1,0,Minor,Overspeeding,Unknown,Unknown,100,,km/h,Fog,12.7,C,0,1.8,Dusk,17,27,62,Fortis Vasant Kunj,7.4,28.585656,77.200442
A01046,2023-09-30,20:12:20,Saturday,Evening,Delhi,New Delhi,Lajpat Nagar,Highway stretch,NH,3,High,Fair,Bus,16,Other,4,1,0,Moderate,Pedestrian Error,Yes,No,40,45,km/h,Fog,21.2,C,1.4,4.5,Night,13,32,1180,RML,5.2,28.5964,77.243428
A01047,2024-07-08,5:13 AM,Monday,Morning,Delhi,New Delhi,Vasant Kunj,School Zone,Expressway,2,High,Poor,Car,33,Unknown,2,1,0,Moderate,Distracted Driving,No,Unknown,50,57,km/h,Haze,46.6,C,0,4.8,Dusk,14,14,477,Max Saket,5.9,28.516893,77.081373
A01048,13/03/2024,11:42 PM,Wednesday,Night,Delhi,New Delhi,Karol Bagh,Near Signal,Urban,2,High,Good,Truck,28,Other,1,1,0,Moderate,,Yes,Yes,50,34.2,mph,Fog,29.7,C,1.7,6.1,Night,22,17,1790,RML,2.7,28.61561,77.12196
A01049,2024-04-23,0:32:45,Tuesday,Night,Delhi,New Delhi,Saket,Market Area,Rural,3,High,Poor,Bus,25,Other,1,0,0,Severe,Distracted Driving,Unknown,No,100,101,km/h,,9,C,0,3.8,Night,16,1,271,LNJP,4.2,28.586817,77.243148
A01050,2024-02-24,11:38 PM,Saturday,Night,Delhi,New Delhi,Rohini,Near Signal,Rural,4,Medium,Good,Car,41,Other,1,2,0,Moderate,Overspeeding,Unknown,Yes,40,,km/h,Fog,33.6,C,0,8.1,Dawn,21,16,1466,Fortis Vasant Kunj,1.9,28.626551,77.211212
A01051,14/08/2025,5:19 AM,Thursday,Morning,Delhi,New Delhi,Okhla,Residential Area,Rural,2,Medium,Under Construction,Truck,47,Unknown,2,2,0,Minor,Overspeeding,Yes,Unknown,40,39,km/h,Rain,38.8,C,0,4.3,Night,19,21,1172,Max Saket,3,28.603093,77.24234
A01052,2023-01-10,0:10:02,Tuesday,Night,Delhi,New Delhi,Lajpat Nagar,Near Signal,SH,3,Low,Poor,Car,,Unknown,1,,0,Severe,Distracted Driving,Unknown,Yes,100,114,km/h,Dust,29.6,C,2.9,4.9,Dusk,10,20,906,RML,6.7,28.513342,77.227167
A01053,23/03/2023,8:01 AM,Thursday,Morning,Delhi,New Delhi,AIIMS,Near Signal,Urban,3,High,Fair,Truck,27,Male,1,3,0,Minor,,Unknown,Yes,80,116,km/h,Rain,22,C,0.9,4.1,Dawn,10,30,446,Safdarjung,1.5,28.605916,77.215244
A01054,30/06/2023,2:49 PM,Friday,Afternoon,Delhi,New Delhi,Karol Bagh,Intersection,NH,4,High,Poor,car,29,Unknown,1,0,0,Fatal,Vehicle Failure,Unknown,No,50,64,km/h,Haze,18.2,C,0,3.1,Dawn,23,8,1681,Safdarjung,6.1,28.622008,77.202538
A01055,2024-01-28,3:58 AM,Sunday,Night,Delhi,New Delhi,Saket,Intersection,Rural,4,Medium,Fair,Bicycle,,Unknown,2,2,0,Severe,Pedestrian Error,Yes,Unknown,60,68,km/h,Haze,,C,0,6.8,Dusk,23,19,1040,Apollo Sarita Vihar,3.8,28.564723,77.156003
A01056,04/03/2025,11:20:23,Tuesday,Morning,Delhi,New Delhi,Janakpuri,School Zone,Urban,2,High,Poor,Truck,25,Other,4,4,0,Severe,Bad Weather,Yes,Unknown,100,,km/h,Fog,33.6,C,0,0.3,Night,16,7,1827,Safdarjung,11.7,28.627312,77.219228
A01057,2025-06-04,14:26:51,Wednesday,Afternoon,Delhi,New Delhi,Lajpat Nagar,Intersection,Urban,4,Medium,Good,truck,46,Other,1,2,0,Minor,Overspeeding,No,No,100,153,km/h,Haze,17,C,0,5.7,Night,12,33,1688,LNJP,4.8,28.537715,77.262106
A01058,2023-05-09,23:04:28,Tuesday,Night,Delhi,New Delhi,AIIMS,Highway stretch,Urban,3,Low,Fair,Bicycle,26,Female,2,3,0,Minor,Alcohol Influence,Unknown,Unknown,40,19,km/h,Dust,37.5,C,0,8.7,Dawn,20,12,1868,Safdarjung,8,28.548245,77.20064
A01059,15/04/2023,2:26 AM,Saturday,Night,Delhi,New Delhi,IGI Airport,School Zone,Expressway,2,High,Fair,Bicycle,30,Female,3,1,0,Minor,Overspeeding,No,Unknown,40,53,km/h,Dust,29.5,C,2,3.8,Dusk,16,4,0,Apollo Sarita Vihar,6.3,28.615739,77.149702
A01060,2024-10-08,20:06:46,Tuesday,Evening,Delhi,New Delhi,AIIMS,Market Area,Expressway,4,Low,Good,Bicycle,48,Unknown,2,0,0,Minor,Bad Weather,No,Unknown,40,39,km/h,Thunderstorm,40,C,10.4,5.5,Dusk,18,5,1109,Max Saket,8,28.459483,77.228797
A01061,15/06/2024,7:39 PM,Saturday,Evening,Delhi,New Delhi,IGI Airport,Intersection,NH,6,Low,Good,Truck,32,Female,3,1,1,Minor,Vehicle Failure,No,No,40,58,km/h,Haze,18.7,C,0,4.4,Dawn,12,27,1188,Max Saket,0.7,28.654491,77.199284
A01062,29/08/2025,1:10 PM,Friday,Afternoon,Delhi,New Delhi,Karol Bagh,Residential Area,Urban,4,High,Poor,Auto-rickshaw,31,Unknown,1,0,0,Minor,Vehicle Failure,Unknown,Unknown,80,62,km/h,Clear,27.5,C,5.6,5.9,Dusk,19,4,604,RML,10,28.555063,77.369863
A01063,2025-07-13,1:25 AM,Sunday,Night,Delhi,New Delhi,Okhla,Residential Area,SH,6,Low,Fair,Auto-rickshaw,52,Unknown,2,1,0,minor,Bad Weather,Yes,Yes,60,79,km/h,Fog,96.6,F,4.6,5.5,Dawn,12,14,1154,Max Saket,8.1,28.569088,77.142874
A01064,2025-07-17,10:28 PM,Thursday,Night,Delhi,New Delhi,Vasant Kunj,School Zone,NH,4,Medium,Poor,Auto-rickshaw,29,Other,1,2,0,Fatal,Bad Weather,Yes,No,40,24.9,mph,Dust,25.9,C,0,10.3,Dusk,8,9,1329,Max Saket,5.6,28.630186,77.20888
A01065,2024-06-03,3:31 PM,Monday,Afternoon,Delhi,New Delhi,Chandni Chowk,Highway stretch,SH,2,High,Good,Auto-rickshaw,52,Female,1,1,0,Minor,Overspeeding,Yes,Unknown,40,26,km/h,Haze,26.7,C,1.1,6.1,Night,11,7,938,Apollo Sarita Vihar,3.3,28.621761,77.11859
A01066,2023-05-15,3:08 AM,Monday,Night,Delhi,New Delhi,Connaught Place,Near Signal,Expressway,1,High,Poor,Two-wheeler,32,Unknown,1,0,0,Moderate,Reckless Overtaking,No,No,100,70.2,mph,Haze,14.3,C,0,1.8,Dawn,13,24,1104,RML,,28.486581,77.134767
A01067,2024-10-04,17:24:40,Friday,Evening,Delhi,New Delhi,Dwarka,Highway stretch,Rural,3,Low,Poor,Car,31,Male,2,1,0,Severe,,Unknown,Yes,60,54,km/h,Thunderstorm,27.9,C,8.2,3.3,Dawn,13,15,1200,RML,1,28.602445,77.166451
A01068,2023-11-17,3:18 PM,Friday,Afternoon,Delhi,New Delhi,Connaught Place,Residential Area,Expressway,2,Low,Under Construction,two-wheeler,55,Female,1,1,0,Minor,Overspeeding,Unknown,Yes,80,107,km/h,Thunderstorm,32.1,C,0,1.4,Dusk,9,14,1506,RML,0,28.584979,77.255539
A01069,2024-02-28,8:40 PM,Wednesday,Evening,Delhi,New Delhi,Okhla,School Zone,Rural,3,Medium,Poor,Bicycle,48,Other,3,,0,Minor,Overspeeding,Unknown,No,40,44.1,mph,Thunderstorm,64.2,F,0,5.5,Dusk,17,25,1337,Safdarjung,8.4,28.577479,77.225244
A01070,14/03/2024,1:25:18,Thursday,Night,Delhi,New Delhi,Janakpuri,Near Signal,NH,3,Low,Fair,Car,28,Male,2,1,0,Severe,Overspeeding,No,Unknown,50,74,km/h,Haze,40.4,C,0,7.8,Dawn,15,2,584,Fortis Vasant Kunj,3.7,28.553315,77.171853
A01071,2023-11-03,12:05:54,Friday,Afternoon,Delhi,New Delhi,IGI Airport,School Zone,NH,4,High,Poor,bus,41,Other,1,0,1,Minor,distracted driving,Unknown,No,80,92,km/h,Thunderstorm,33.5,C,0,4.2,Night,9,38,1344,AIIMS,10.9,28.659433,77.247163
A01072,02/09/2023,11:31:47,Saturday,Morning,Delhi,New Delhi,Vasant Kunj,Residential Area,Urban,4,High,Fair,Auto-rickshaw,,Male,2,0,0,Moderate,Distracted Driving,Unknown,Unknown,40,45,km/h,Dust,24.4,C,7.6,2.2,Dawn,6,14,1029,Safdarjung,5.1,28.604913,77.182699
A01073,2025-07-22,11:02 PM,Tuesday,Night,Delhi,New Delhi,Dwarka,Highway stretch,Rural,2,Low,Poor,Truck,33,Other,1,1,0,Moderate,Bad Weather,No,No,100,107,km/h,Rain,23.9,C,0,3.8,Dusk,26,5,1635,Safdarjung,5.6,28.619409,77.18653
A01074,08/03/2025,3:04 AM,Saturday,Night,Delhi,New Delhi,Dwarka,School Zone,SH,3,Medium,Fair,Bus,,Female,2,0,0,Minor,Vehicle Failure,No,Yes,50,70,km/h,Clear,28.8,C,0,4.9,Dusk,20,20,224,AIIMS,14.1,28.496882,77.105906
A01075,11/10/2024,8:16 PM,Friday,Evening,Delhi,New Delhi,Okhla,Market Area,Expressway,3,Medium,Poor,bus,53,Unknown,4,2,0,Minor,Vehicle Failure,Yes,No,100,117,km/h,Clear,,C,0,4.8,Dusk,9,12,1525,Apollo Sarita Vihar,8.7,28.54978,77.189216
A01076,31/10/2024,1:50:53,Thursday,Night,Delhi,New Delhi,Saket,Residential Area,Urban,3,High,Fair,Truck,39,Other,3,,0,Moderate,Bad Weather,Unknown,Yes,60,41,mph,Clear,23.6,C,0,3.1,daylight,11,27,212,LNJP,5.8,28.568987,77.173724
A01077,2024-07-13,8:03 PM,Saturday,Evening,Delhi,New Delhi,Okhla,School Zone,Expressway,2,Low,Good,Auto-rickshaw,21,Female,3,1,0,Moderate,Alcohol Influence,No,No,50,63,km/h,Dust,94.1,F,0,3.9,Dawn,12,16,976,AIIMS,2.2,28.577425,77.210945
A01078,10/10/2024,0:53:57,Thursday,Night,Delhi,New Delhi,Karol Bagh,School Zone,Urban,4,High,Poor,Two-wheeler,35,Other,1,1,0,Minor,Distracted Driving,Yes,Unknown,50,25,km/h,Fog,26.9,C,0,7.8,Daylight,24,7,194,Max Saket,4.3,28.59074,77.236424
A01079,2024-04-05,13:26:44,Friday,Afternoon,Delhi,New Delhi,Karol Bagh,Near Signal,Rural,2,Medium,Good,Truck,32,Other,1,2,0,Minor,Pedestrian Error,Yes,Yes,100,105,km/h,Thunderstorm,36.5,C,0,5.2,Daylight,6,21,1366,Apollo Sarita Vihar,5.7,28.522578,77.134515
A01080,09/12/2024,0:30:01,Monday,Night,Delhi,New Delhi,Vasant Kunj,Market Area,Urban,3,High,Fair,Two-wheeler,48,Male,2,0,0,Moderate,Alcohol Influence,Unknown,Unknown,50,49,km/h,Haze,34.3,C,0,6.9,Dawn,9,20,1252,RML,7.6,28.542542,77.198879
A01081,2024-12-11,4:21 PM,Wednesday,Afternoon,Delhi,New Delhi,Karol Bagh,Market Area,SH,2,High,Poor,Bicycle,44,Male,2,0,0,Minor,Bad Weather,No,Yes,100,90,km/h,Haze,33.1,C,0,4,Daylight,1,12,941,AIIMS,7.8,28.5444,77.1978
A01082,2024-05-26,3:08 AM,Sunday,Night,Delhi,New Delhi,Karol Bagh,Intersection,Urban,2,High,Under Construction,Auto-rickshaw,37,Unknown,1,1,0,Moderate,Alcohol Influence,Yes,Yes,100,128,km/h,Rain,23.1,C,0,3.8,Dusk,15,17,786,AIIMS,,28.656005,77.195448
A01083,13/06/2023,8:50:11,Tuesday,Morning,Delhi,New Delhi,Connaught Place,Near Signal,Rural,4,High,Poor,Two-wheeler,37,Male,1,2,0,Moderate,Vehicle Failure,No,Yes,50,59,km/h,fog,34.2,C,0,6.6,Dusk,18,12,1516,Safdarjung,7.3,28.632523,77.262478
A01084,2025-01-13,20:01:10,Monday,Evening,Delhi,New Delhi,Karol Bagh,Highway stretch,Urban,2,Medium,Under Construction,Bus,46,Other,5,0,0,Moderate,,Yes,Unknown,50,51,km/h,Haze,90,F,0,5.3,Dawn,19,25,730,LNJP,,28.499068,77.25906
A01085,2025-02-24,10:09 PM,Monday,Night,Delhi,New Delhi,Lajpat Nagar,Highway stretch,SH,4,Low,Poor,Bicycle,,Other,2,4,0,Moderate,,No,No,80,100,km/h,Clear,27.9,C,2.5,5.8,Dawn,18,30,1130,RML,4.5,28.570459,77.156153
A01086,2024-06-24,5:46:24,Monday,Morning,Delhi,New Delhi,Saket,Residential Area,SH,4,Low,Good,Bus,23,Unknown,2,2,0,Moderate,Vehicle Failure,Unknown,Unknown,100,,km/h,Dust,21.3,C,0,5.9,Daylight,23,33,791,Fortis Vasant Kunj,8.2,28.549078,77.259183
A01087,11/05/2023,13:52:22,Thursday,Afternoon,Delhi,New Delhi,Vasant Kunj,Highway stretch,Urban,2,High,Good,Bus,36,Female,1,1,0,Minor,Vehicle Failure,Yes,Yes,40,45,km/h,Thunderstorm,32.4,C,0,3.6,Night,23,16,292,Max Saket,2.7,28.590503,77.252036
A01088,27/08/2024,14:08:11,Tuesday,Afternoon,Delhi,New Delhi,Dwarka,Market Area,SH,4,Medium,Good,Auto-rickshaw,20,Other,3,1,,Minor,Reckless Overtaking,No,Unknown,100,92,km/h,,39.1,C,3.5,7.1,Dusk,16,12,1320,Max Saket,0.6,28.652425,77.183198
A01089,2024-05-08,17:58:37,Wednesday,Evening,Delhi,New Delhi,AIIMS,Intersection,SH,4,Low,Good,Two-wheeler,,Male,4,0,0,Severe,distracted driving,Yes,Unknown,40,44,km/h,Thunderstorm,30.6,C,0,2,Dusk,16,10,494,AIIMS,4.8,28.648258,77.291981
A01090,2025-08-09,9:33:54,Saturday,Morning,Delhi,New Delhi,Connaught Place,School Zone,Expressway,3,Medium,Fair,Bicycle,47,Male,1,,0,Minor,Distracted Driving,No,Yes,60,71,km/h,,30.9,C,1.2,1.8,Dusk,12,26,1316,Fortis Vasant Kunj,4.3,28.632958,77.190238
A01091,2025-05-21,22:40:15,Wednesday,Night,Delhi,New Delhi,Janakpuri,School Zone,Urban,3,High,Poor,Car,48,Unknown,4,0,0,Minor,Alcohol Influence,No,No,50,28.6,mph,Rain,21.7,C,0,4.8,Dusk,23,15,1117,LNJP,2.9,28.648274,77.279828
A01092,05/10/2023,5:45 PM,Thursday,Evening,Delhi,New Delhi,Dwarka,Market Area,Rural,2,Low,Good,Two-wheeler,34,Male,2,2,0,Minor,Alcohol Influence,Yes,Yes,40,55,km/h,Fog,23.5,C,0,3.2,Night,18,4,599,Safdarjung,9.2,28.562036,77.229987
A01093,2023-03-24,6:31 AM,Friday,Morning,Delhi,New Delhi,Rohini,Residential Area,SH,1,High,Good,Bus,42,Unknown,2,0,1,Moderate,Vehicle Failure,No,Yes,40,33,km/h,Fog,28.6,C,0,9.4,Dusk,14,16,1321,Max Saket,7.9,28.649165,77.206794
A01094,2024-01-15,5:11:36,Monday,Morning,Delhi,New Delhi,AIIMS,School Zone,SH,4,Low,Fair,Two-wheeler,20,Other,4,0,0,Moderate,Overspeeding,Yes,Unknown,60,67,km/h,Haze,35.1,C,0,8.4,Daylight,13,16,255,Apollo Sarita Vihar,0.8,28.687789,77.287896
A01095,21/01/2025,9:03 PM,Tuesday,Night,Delhi,New Delhi,Connaught Place,Intersection,Rural,2,Low,Good,Truck,,Female,1,1,0,Minor,Bad Weather,Yes,Unknown,50,,km/h,,89.4,F,0,7.2,Dusk,14,13,522,Safdarjung,8.1,28.586493,77.189679
A01096,2024-04-24,3:40 PM,Wednesday,Afternoon,Delhi,New Delhi,Janakpuri,Residential Area,Rural,3,Low,Good,Bus,43,Unknown,2,1,0,Minor,Vehicle Failure,Yes,Unknown,100,,mph,Fog,,C,0,7.9,Dawn,19,18,483,RML,6.5,28.597991,77.209029
A01097,27/06/2024,22:13:12,Thursday,Night,Delhi,New Delhi,Lajpat Nagar,Near Signal,SH,4,High,Good,Auto-rickshaw,,Female,2,,0,Moderate,Pedestrian Error,Yes,Yes,40,56,km/h,Clear,,C,8,6.9,Dusk,1,18,1734,LNJP,1.7,28.657709,77.180681
A01098,2025-07-07,8:35 PM,Monday,Evening,Delhi,New Delhi,Chandni Chowk,Highway stretch,SH,3,Low,Good,Car,46,Male,2,0,0,Moderate,Distracted Driving,Unknown,Yes,80,109,km/h,Thunderstorm,23.3,C,0,4.8,Dusk,6,17,1188,AIIMS,,28.630396,77.182979
A01099,31/07/2023,5:51 AM,Monday,Morning,Delhi,New Delhi,Connaught Place,Near Signal,Urban,2,Low,Poor,Truck,,Male,1,1,0,Minor,Vehicle Failure,No,Unknown,80,79,km/h,Clear,31.4,C,1.9,5.7,Dusk,22,11,1160,Max Saket,4.8,28.638512,77.243171
A01100,29/06/2025,12:50 PM,Sunday,Afternoon,Delhi,New Delhi,Vasant Kunj,Residential Area,NH,4,Low,Good,Two-wheeler,22,Unknown,1,2,0,Minor,Alcohol Influence,No,No,40,58,km/h,Thunderstorm,80.1,F,0,4.5,Dusk,21,8,596,LNJP,6.1,28.58876,77.283618
A01101,13/02/2023,0:08:33,Monday,Night,Delhi,New Delhi,Saket,School Zone,Urban,1,Medium,Under Construction,Bus,27,Female,1,1,0,Minor,Pedestrian Error,Yes,Unknown,40,69,km/h,Fog,,F,0,6.4,Daylight,19,22,1324,LNJP,5.6,28.605167,77.220715
A01102,31/03/2024,12:51 PM,Sunday,Afternoon,Delhi,New Delhi,Janakpuri,Highway stretch,Urban,4,Medium,Fair,Auto-rickshaw,43,Female,2,0,0,Minor,Reckless Overtaking,Yes,Yes,50,51,km/h,Rain,,C,0,4.1,Dusk,24,12,461,RML,3.2,28.644579,77.148684
A01103,27/06/2023,13:17:55,Tuesday,Afternoon,Delhi,New Delhi,Okhla,Near Signal,Rural,4,Medium,Fair,Bicycle,44,Female,1,2,0,Minor,,Unknown,Yes,80,74,km/h,Thunderstorm,,C,0,4.5,Dusk,16,16,915,RML,1.4,28.647833,77.200486
A01104,23/01/2025,22:50:06,Thursday,Night,Delhi,New Delhi,Okhla,School Zone,SH,1,Medium,Under Construction,Bus,18,Male,4,2,0,Minor,Reckless Overtaking,No,Unknown,80,105,km/h,Clear,58.5,F,1.5,7.5,Night,21,16,948,LNJP,7.3,28.641685,77.199637
A01105,2025-02-22,6:13 PM,Saturday,Evening,Delhi,New Delhi,AIIMS,Near Signal,NH,1,High,Poor,Bus,51,Other,3,1,0,severe,Reckless Overtaking,Unknown,No,40,,km/h,Dust,36.1,C,0,3.1,Dawn,23,22,716,Safdarjung,7.7,28.600306,77.233103
A01106,2024-04-08,2:17:26,Monday,Night,Delhi,New Delhi,IGI Airport,Market Area,Expressway,3,High,Under Construction,Two-wheeler,30,Other,2,3,0,Severe,Bad Weather,Unknown,No,60,46,mph,Rain,,C,2.5,5.9,Dusk,17,29,1421,Fortis Vasant Kunj,6.3,28.530412,77.168753
A01107,2024-04-19,23:10:03,Friday,Night,Delhi,New Delhi,Dwarka,Residential Area,NH,3,High,Good,Bicycle,,Male,4,1,0,Moderate,Bad Weather,No,Unknown,60,82,km/h,Thunderstorm,17.1,C,0,3.7,Night,12,15,1174,Safdarjung,4.1,28.577102,77.155879