accident_id,date,time,day_of_week,time_of_day,state,city,area,location_type,road_type,lanes,traffic_volume,road_condition,vehicle_type,driver_age,driver_gender,persons_involved,injuries,fatalities,severity,cause_primary,alcohol_involved,seatbelt_helmet_used,speed_limit,reported_speed,speed_unit,weather_main,temperature,temp_unit,precipitation_mm,visibility_km,light_conditions,police_response_time_min,ambulance_time_min,fines_issued_inr,nearest_hospital,hospital_distance_km,latitude,longitude
A01108,30/04/2025,6:30 AM,Wednesday,Morning,Delhi,New Delhi,Saket,Residential Area,Rural,4,High,Good,Bus,41,Unknown,3,4,0,Minor,Distracted Driving,No,No,60,78,km/h,Clear,,C,0,7.7,Dusk,4,19,87,Safdarjung,0.3,28.553555,77.180555
A01109,2023-10-30,1:26 PM,Monday,Afternoon,Delhi,New Delhi,Chandni Chowk,Near Signal,SH,2,Low,Good,Auto-rickshaw,24,Unknown,2,0,0,Minor,Overspeeding,Yes,No,100,95,km/h,Clear,35.3,C,0,4.3,Daylight,11,11,970,Safdarjung,6.3,28.672791,77.140669
A01110,06/10/2024,11:58 PM,Sunday,Night,Delhi,New Delhi,Lajpat Nagar,Market Area,Expressway,2,High,Under Construction,Bicycle,31,Other,4,0,0,Moderate,Bad Weather,Unknown,Yes,50,55,km/h,Rain,27.5,C,0,3.3,Night,15,10,1703,Safdarjung,0.1,28.531149,77.278038
A01111,12/06/2024,15:36:31,Wednesday,Afternoon,Delhi,New Delhi,Chandni Chowk,School Zone,Expressway,2,Medium,Poor,Auto-rickshaw,,Unknown,1,0,0,Severe,Bad Weather,No,Yes,60,80,km/h,Thunderstorm,23.8,C,0,4.5,Dawn,10,9,1409,AIIMS,6.5,28.541081,77.163602
A01112,2024-05-05,5:30 PM,Sunday,Evening,Delhi,New Delhi,Vasant Kunj,Intersection,SH,2,High,Poor,Auto-rickshaw,,Unknown,3,0,0,Minor,Vehicle Failure,Unknown,No,100,128,km/h,Fog,31.6,C,5.4,7.6,dusk,16,22,867,Safdarjung,8.4,28.519667,77.278183
A01113,2023-07-12,12:07:05,Wednesday,Afternoon,Delhi,New Delhi,Janakpuri,Highway stretch,Expressway,3,High,Poor,Car,32,Male,1,0,0,moderate,Distracted Driving,No,Unknown,100,117,km/h,Thunderstorm,12.8,C,0,4.7,Dawn,24,17,294,Max Saket,4.1,28.66673,77.247536
A01114,2023-11-03,7:54 PM,Friday,Evening,Delhi,New Delhi,Janakpuri,Intersection,Urban,2,Low,Fair,Auto-rickshaw,32,Male,2,3,0,Minor,Pedestrian Error,Yes,Yes,100,104,km/h,Rain,29.2,C,0,7.5,Dusk,21,28,555,Safdarjung,11.3,28.670595,77.191204
A01115,2023-12-04,9:47:04,Monday,Morning,Delhi,New Delhi,Lajpat Nagar,School Zone,Urban,3,Low,Under Construction,Auto-rickshaw,,Male,5,0,0,minor,Reckless Overtaking,No,Unknown,80,102,km/h,Rain,17.4,C,0,1.3,Night,12,20,1082,Apollo Sarita Vihar,11.4,28.615674,77.295104
A01116,30/08/2023,7:58:43,Wednesday,Morning,Delhi,New Delhi,Lajpat Nagar,Intersection,Urban,3,Low,Good,Bus,,Male,5,0,0,Minor,Distracted Driving,Unknown,Unknown,50,82,km/h,Haze,23.8,C,1.2,2.6,Daylight,19,19,1761,LNJP,5.8,28.608174,77.234016
A01117,08/06/2024,4:01 PM,Saturday,Afternoon,Delhi,New Delhi,Vasant Kunj,Near Signal,NH,4,Medium,Good,Auto-rickshaw,21,Male,2,1,0,Minor,Pedestrian Error,No,Unknown,80,99,km/h,,30.4,C,0,9,Dusk,8,18,841,Safdarjung,3.2,28.634128,77.102217
A01118,2023-11-14,10:08 AM,Tuesday,Morning,Delhi,New Delhi,Lajpat Nagar,Residential Area,Rural,3,Low,Poor,Auto-rickshaw,48,Unknown,2,1,0,Moderate,Pedestrian Error,No,Unknown,50,38,km/h,Fog,21.6,C,9.8,4.6,Dusk,12,28,1509,Apollo Sarita Vihar,2.5,28.577301,77.148342
A01119,11/12/2024,8:36:00,Wednesday,Morning,Delhi,New Delhi,Connaught Place,Near Signal,Urban,3,Medium,Good,Truck,25,Other,3,2,0,severe,Vehicle Failure,Yes,Yes,60,90,km/h,Dust,34.1,C,1.6,3.7,Night,23,21,1096,LNJP,0,28.749816,77.218849
A01120,2024-02-01,1:57 PM,Thursday,Afternoon,Delhi,New Delhi,Vasant Kunj,Market Area,Urban,2,Medium,Under Construction,Two-wheeler,31,Female,2,,0,Moderate,Pedestrian Error,Unknown,No,60,74,km/h,Fog,75.4,F,5.5,0.6,Dawn,18,30,958,Fortis Vasant Kunj,9.6,28.585456,77.211809
A01121,09/05/2025,9:13:41,Friday,Morning,Delhi,New Delhi,Okhla,Market Area,Expressway,2,Medium,Fair,Car,27,Other,1,0,0,Minor,Alcohol Influence,No,Yes,60,77,km/h,Rain,33.9,C,0,7.6,Night,17,21,1152,RML,,28.640334,77.215839
A01122,26/05/2025,9:09:31,Monday,Morning,Delhi,New Delhi,Lajpat Nagar,Near Signal,Rural,1,Medium,Good,Two-wheeler,22,Other,2,,0,Minor,Alcohol Influence,No,No,40,25,km/h,Fog,113.4,F,4.1,5.7,Daylight,26,22,1430,Safdarjung,4.8,28.61455,77.132398
A01123,25/08/2023,8:20:42,Friday,Morning,Delhi,New Delhi,Janakpuri,Market Area,SH,4,High,Poor,Truck,42,Male,4,0,0,Moderate,Overspeeding,Unknown,Unknown,60,66,km/h,Thunderstorm,19.8,C,0,7.7,Dawn,25,18,743,AIIMS,,28.622714,77.200805
A01124,2024-02-14,19:16:00,Wednesday,Evening,Delhi,New Delhi,Vasant Kunj,Near Signal,Expressway,3,High,Fair,Bicycle,45,Female,3,1,0,Minor,,Unknown,No,80,,km/h,Clear,26.3,C,0,3.8,Dawn,10,17,2073,Max Saket,,28.599801,77.217462
A01125,10/01/2023,4:38:40,Tuesday,Night,Delhi,New Delhi,Dwarka,Highway stretch,Urban,3,Low,Poor,Bicycle,,Unknown,1,1,0,Severe,Vehicle Failure,No,Yes,40,33,km/h,Fog,31.3,C,4.5,6.4,Daylight,3,5,284,Max Saket,,28.581365,77.200286
A01126,2024-08-22,16:00:17,Thursday,Afternoon,Delhi,New Delhi,Karol Bagh,School Zone,Rural,1,Low,Good,Bicycle,47,Male,3,3,0,Moderate,Pedestrian Error,No,Yes,80,97,km/h,Clear,28.7,C,0,9.4,Daylight,19,3,1335,Fortis Vasant Kunj,,28.512048,77.174559
A01127,03/10/2023,2:25:11,Tuesday,Night,Delhi,New Delhi,Saket,Highway stretch,Expressway,2,Medium,Under Construction,Auto-rickshaw,41,Other,4,0,0,Minor,Bad Weather,Unknown,Yes,60,,km/h,Clear,18.5,C,4,4.9,Dusk,4,7,1207,AIIMS,1.3,28.555191,77.167091
A01128,2025-04-08,9:29 AM,Tuesday,Morning,Delhi,New Delhi,Lajpat Nagar,Intersection,Rural,3,High,Good,Two-wheeler,31,Female,3,1,0,Minor,Bad Weather,No,Yes,60,83,km/h,Haze,31.9,C,0,5.8,Dawn,24,36,0,Fortis Vasant Kunj,,28.59058,77.289589
A01129,2025-03-29,3:25:45,Saturday,Night,Delhi,New Delhi,Lajpat Nagar,Residential Area,Urban,2,Medium,Poor,Car,35,Unknown,1,1,0,Minor,Reckless Overtaking,Yes,Yes,80,97,km/h,,43.7,C,2.6,5.5,Dusk,14,27,0,RML,10.6,28.692338,77.239311
A01130,07/07/2024,19:04:29,Sunday,Evening,Delhi,New Delhi,Chandni Chowk,Residential Area,NH,6,High,Under Construction,Car,29,Other,2,3,0,Minor,Bad Weather,Unknown,Unknown,50,95,km/h,Thunderstorm,21.8,C,3.8,6.1,Dawn,16,38,1557,Safdarjung,7.4,28.6434,77.181206
A01131,22/04/2024,20:44:20,Monday,Evening,Delhi,New Delhi,Okhla,School Zone,Urban,3,High,Poor,Bicycle,50,Female,4,,0,Minor,Vehicle Failure,No,No,80,76,km/h,Thunderstorm,28.6,C,0,3.6,Night,22,22,1686,LNJP,9.2,28.56066,77.214891
A01132,2025-07-07,12:09:35,Monday,Afternoon,Delhi,New Delhi,Lajpat Nagar,Highway stretch,SH,4,High,Fair,Car,41,Female,4,2,0,Minor,Alcohol Influence,Yes,Unknown,60,83,km/h,Dust,31.4,C,4.8,2.3,Dusk,15,13,1403,Safdarjung,2.7,28.665273,77.268354
A01133,09/08/2024,12:34 AM,Friday,Night,Delhi,New Delhi,Rohini,School Zone,Urban,3,Low,Fair,Car,45,Female,3,1,0,Minor,Vehicle Failure,Unknown,Unknown,60,84,km/h,Thunderstorm,15.8,C,0,4.5,Daylight,3,24,929,Max Saket,1.6,28.610066,77.231155
A01134,12/05/2023,20:45:13,Friday,Evening,Delhi,New Delhi,Chandni Chowk,Market Area,Expressway,2,Medium,Fair,Truck,46,Male,3,0,0,Minor,Vehicle Failure,Unknown,Yes,80,86,km/h,,32.6,C,0,4.8,Night,15,12,1080,Safdarjung,4.8,28.583404,77.26927
A01135,17/09/2024,1:46 AM,Tuesday,Night,Delhi,New Delhi,IGI Airport,School Zone,Expressway,1,Low,Fair,Two-wheeler,40,Female,3,1,0,Minor,Overspeeding,No,Yes,40,,km/h,Dust,23.7,C,0,3.8,Daylight,23,20,498,Fortis Vasant Kunj,6.3,28.590971,77.141641
A01136,2023-06-03,4:30 AM,Saturday,Night,Delhi,New Delhi,Rohini,Residential Area,SH,2,High,Under Construction,Bicycle,16,Male,1,2,0,Moderate,Overspeeding,Unknown,Yes,50,50,km/h,Fog,27.5,C,0,4.7,Dawn,18,15,329,Fortis Vasant Kunj,1.9,28.575955,77.095973
A01137,2023-09-05,11:42 AM,Tuesday,Morning,Delhi,New Delhi,Lajpat Nagar,Residential Area,Urban,4,Low,Fair,Two-wheeler,31,Other,2,,0,Minor,Distracted Driving,Yes,Unknown,50,54,km/h,Dust,,C,0,3.3,Daylight,7,18,1287,AIIMS,3.7,28.574734,77.170376
A01138,05/06/2025,9:31 PM,Thursday,Night,Delhi,New Delhi,Connaught Place,Market Area,Urban,3,High,Poor,Auto-rickshaw,35,Other,1,0,0,moderate,Distracted Driving,No,Unknown,60,84,km/h,Fog,16.1,C,0,7.9,Night,31,25,310,AIIMS,6.9,28.645491,77.235376
A01139,2023-10-27,7:28:20,Friday,Morning,Delhi,New Delhi,Saket,Highway stretch,Urban,3,Medium,Poor,Bus,33,Unknown,4,1,0,Minor,Reckless Overtaking,Unknown,Unknown,60,70,km/h,Fog,92.3,F,0,2.9,Night,7,18,1339,LNJP,9.6,28.654726,77.172396
A01140,27/12/2023,14:15:39,Wednesday,Afternoon,Delhi,New Delhi,Dwarka,Intersection,SH,6,Medium,Good,Bicycle,,Other,4,1,0,Moderate,Alcohol Influence,Yes,Yes,50,74,km/h,,87.3,F,0,2.6,Night,11,10,1297,Apollo Sarita Vihar,5.7,28.603002,77.250641
A01141,03/03/2024,7:27:38,Sunday,Morning,Delhi,New Delhi,Dwarka,Highway stretch,NH,3,Low,Fair,Bus,29,Unknown,2,0,0,Moderate,Bad Weather,Yes,Unknown,40,74,km/h,Thunderstorm,26.8,C,2.2,5.4,Dusk,3,26,1563,Max Saket,3.8,28.573324,77.21142
A01142,15/02/2025,11:36 AM,Saturday,Morning,Delhi,New Delhi,Chandni Chowk,Residential Area,Rural,2,Medium,Poor,Truck,32,Other,1,0,0,Minor,Reckless Overtaking,Yes,No,80,97,km/h,Thunderstorm,25.4,C,0,7.2,Daylight,15,13,1324,Apollo Sarita Vihar,0.7,28.615264,77.205952
A01143,22/12/2024,5:10 AM,Sunday,Morning,Delhi,New Delhi,Connaught Place,School Zone,SH,6,High,Good,Car,38,Unknown,4,2,,Moderate,Bad Weather,Yes,Unknown,40,24.2,mph,Fog,28.8,C,0,4.2,Dawn,19,33,1162,Apollo Sarita Vihar,4.6,28.618468,77.254265
A01144,16/01/2023,9:20 AM,Monday,Morning,Delhi,New Delhi,IGI Airport,Highway stretch,Urban,4,Medium,Fair,Car,37,Other,4,1,0,Moderate,Reckless Overtaking,No,Yes,60,104,km/h,Haze,18.7,C,0,3.9,Daylight,6,22,1325,RML,8,28.568919,77.245381
A01145,2023-03-19,10:28 PM,Sunday,Night,Delhi,New Delhi,Connaught Place,Near Signal,NH,3,Low,Poor,Bicycle,55,Female,1,0,0,Minor,Overspeeding,Unknown,No,100,133,km/h,Thunderstorm,33.1,C,0,2.5,Dusk,25,15,1831,Apollo Sarita Vihar,3.9,28.590677,77.274875
A01146,2023-03-28,4:40 AM,Tuesday,Night,Delhi,New Delhi,AIIMS,Highway stretch,Expressway,2,Medium,Under Construction,Auto-rickshaw,,Male,2,0,0,Moderate,Vehicle Failure,Yes,Yes,100,122,km/h,Fog,28.6,C,0,4.7,Dawn,28,13,1285,Max Saket,1.2,28.517673,77.176522
A01147,12/08/2023,9:48:44,Saturday,Morning,Delhi,New Delhi,Saket,Intersection,SH,2,Low,Poor,Two-wheeler,25,Female,2,0,0,Fatal,Bad Weather,Yes,No,50,63,km/h,Haze,16.3,C,6.7,8.9,Daylight,22,17,599,Max Saket,4.2,28.561979,77.256645
A01148,26/06/2025,8:23:12,Thursday,Morning,Delhi,New Delhi,Janakpuri,Near Signal,NH,2,Low,Good,Auto-rickshaw,18,Other,1,1,0,Minor,Reckless Overtaking,No,Yes,40,66,km/h,Haze,36.8,C,1.5,5.4,Night,7,5,1182,LNJP,6.4,28.651401,77.143268
A01149,09/05/2023,23:05:17,Tuesday,Night,Delhi,New Delhi,Karol Bagh,Intersection,Urban,3,Low,Fair,Bus,40,Female,1,1,0,Minor,Pedestrian Error,Yes,Yes,80,94,km/h,Dust,23.9,C,0,6.3,Daylight,14,23,1342,LNJP,8.6,28.537991,77.270716
A01150,2023-09-02,19:31:05,Saturday,Evening,Delhi,New Delhi,Connaught Place,Market Area,Urban,2,Low,Fair,Auto-rickshaw,42,Female,4,2,1,Minor,Pedestrian Error,No,Unknown,60,,km/h,Clear,21.9,C,0,1,Night,21,5,1041,Safdarjung,4.7,28.608116,77.149352
A01151,15/12/2024,6:06:10,Sunday,Morning,Delhi,New Delhi,Connaught Place,Market Area,Expressway,2,Low,Good,Truck,49,Other,3,2,0,Severe,Bad Weather,Yes,Unknown,50,56,km/h,Rain,38.5,C,0,6.7,Daylight,20,14,1152,Safdarjung,,28.63124,77.161578
A01152,03/03/2025,16:44:01,Monday,Afternoon,Delhi,New Delhi,Vasant Kunj,Market Area,Urban,2,Low,Good,Bicycle,36,Female,3,2,0,Minor,Reckless Overtaking,No,Unknown,50,47.8,mph,Thunderstorm,34.9,C,0,3.6,Daylight,11,22,1546,Fortis Vasant Kunj,6.2,28.565772,77.205397
A01153,2023-02-27,1:43 PM,Monday,Afternoon,Delhi,New Delhi,Dwarka,Market Area,SH,3,Medium,Poor,Bus,,Female,4,0,0,Moderate,Reckless Overtaking,Yes,Unknown,40,38,km/h,Thunderstorm,,C,0,4.3,Daylight,12,19,583,Max Saket,2.1,28.674357,77.187212
A01154,2023-07-07,4:42 PM,Friday,Afternoon,Delhi,New Delhi,Karol Bagh,Residential Area,SH,3,Medium,Good,Auto-rickshaw,46,Female,1,2,0,Moderate,Alcohol Influence,No,Unknown,80,85,km/h,thunderstorm,,F,4.6,6.3,Dawn,5,20,1554,Max Saket,4.9,28.632291,77.272201
A01155,2024-07-01,6:10 AM,Monday,Morning,Delhi,New Delhi,Dwarka,School Zone,Expressway,2,Low,Under Construction,Two-wheeler,54,Unknown,2,1,0,Moderate,Vehicle Failure,No,Unknown,60,68,km/h,Dust,19,C,0,5.3,Daylight,24,19,1130,Fortis Vasant Kunj,1.3,28.656394,77.292512
A01156,2024-09-29,21:59:15,Sunday,Night,Delhi,New Delhi,Rohini,School Zone,SH,2,Low,Under Construction,Two-wheeler,35,Other,1,0,0,Minor,Reckless Overtaking,Unknown,No,60,91,km/h,Dust,40.3,C,15.5,2.7,Night,10,14,932,LNJP,1.6,28.627344,77.270286
A01157,2025-01-28,17:48:48,Tuesday,Evening,Delhi,New Delhi,Lajpat Nagar,Residential Area,Rural,4,High,Good,Two-wheeler,37,Female,1,0,0,Moderate,,Yes,Yes,100,84.5,mph,,24,C,0,5.2,Daylight,10,16,344,LNJP,11.4,28.566892,77.14496
A01158,2025-07-29,4:17 AM,Tuesday,Night,Delhi,New Delhi,AIIMS,Near Signal,NH,2,High,Under Construction,Car,28,Female,1,1,0,Moderate,Bad Weather,No,Unknown,50,58,km/h,Clear,29.3,C,0,7,Daylight,15,8,679,LNJP,5.1,28.63008,77.182814
A01159,2025-01-22,8:20:51,Wednesday,Morning,Delhi,New Delhi,Saket,Near Signal,Urban,2,Low,Fair,Auto-rickshaw,48,Male,3,1,0,Fatal,Bad Weather,No,Yes,60,68,km/h,Haze,25.7,C,0,7.6,Dawn,6,9,1413,AIIMS,1.8,28.640693,77.236441
A01160,02/03/2024,18:58:28,Saturday,Evening,Delhi,New Delhi,Chandni Chowk,Near Signal,Urban,4,Medium,Good,Truck,26,Male,3,2,0,Moderate,,Yes,Yes,80,118,km/h,Rain,25.4,C,0,10.6,Night,16,22,533,Max Saket,4.5,28.657218,77.258313
A01161,18/12/2023,3:17:36,Monday,Night,Delhi,New Delhi,Dwarka,Residential Area,Expressway,1,High,Poor,Auto-rickshaw,28,Female,8,0,0,Moderate,Vehicle Failure,Yes,Yes,80,87,km/h,Clear,24.3,C,1.7,3.3,Night,7,7,1415,LNJP,2,28.613088,77.116281
A01162,2023-09-19,13:30:26,Tuesday,Afternoon,Delhi,New Delhi,Saket,Highway stretch,Expressway,6,Low,Poor,Bicycle,35,Male,2,0,1,Moderate,Alcohol Influence,Yes,No,50,73,km/h,Fog,28.9,C,1.2,5.1,Daylight,13,24,2209,RML,9.3,28.551553,77.209503
A01163,23/04/2025,4:22 PM,Wednesday,Afternoon,Delhi,New Delhi,AIIMS,Residential Area,Rural,6,Low,Good,two-wheeler,39,Male,2,1,0,Minor,Distracted Driving,Unknown,No,50,35,km/h,Clear,31.3,C,0,7.3,Dawn,14,43,846,Safdarjung,5.2,28.555593,77.182527
A01164,30/08/2025,7:32 AM,Saturday,Morning,Delhi,New Delhi,Connaught Place,Market Area,SH,6,Low,Good,Car,44,Unknown,1,0,0,Minor,Pedestrian Error,Yes,No,60,,mph,Rain,25.6,C,1.5,2.9,Daylight,13,5,966,Max Saket,1.8,28.698691,77.205859
A01165,09/05/2025,15:33:09,Friday,Afternoon,Delhi,New Delhi,Chandni Chowk,Residential Area,Rural,2,High,Fair,truck,32,Male,3,0,0,Minor,Alcohol Influence,No,Unknown,80,,km/h,Thunderstorm,98.4,F,0,6,Night,20,18,526,Max Saket,9.9,28.658593,77.222814
A01166,31/08/2024,12:32 AM,Saturday,Night,Delhi,New Delhi,IGI Airport,Intersection,NH,2,High,Poor,Bus,30,Male,1,1,0,Severe,Overspeeding,No,No,50,,km/h,fog,27.8,C,7.5,4.8,Dusk,3,6,1374,LNJP,4.8,28.57981,77.185904
A01167,25/05/2024,1:22:48,Saturday,Night,Delhi,New Delhi,Lajpat Nagar,Market Area,Rural,6,High,Under Construction,Bicycle,32,Female,3,0,0,Minor,Reckless Overtaking,No,No,100,80,km/h,Dust,27.3,C,4.5,2.8,Night,22,11,742,LNJP,3.5,28.617603,77.155112
A01168,23/12/2024,7:20:42,Monday,Morning,Delhi,New Delhi,Okhla,Residential Area,Rural,2,High,Good,Auto-rickshaw,44,Female,1,2,0,Minor,Bad Weather,Yes,No,50,44,km/h,Thunderstorm,30.8,C,3.6,4.4,Dusk,7,24,1353,Max Saket,,28.642805,77.209267
A01169,2024-07-25,18:42:36,Thursday,Evening,Delhi,New Delhi,Lajpat Nagar,Highway stretch,Expressway,3,Low,Poor,Truck,23,Unknown,2,0,0,Moderate,Alcohol Influence,No,Yes,80,91,km/h,Thunderstorm,32.4,C,6.7,5.1,Night,27,17,58,LNJP,2.3,28.58951,77.258792
A01170,2023-08-23,21:12:10,Wednesday,Night,Delhi,New Delhi,Lajpat Nagar,School Zone,NH,3,High,Poor,Bus,52,Unknown,1,1,0,Minor,Overspeeding,No,Unknown,80,50.3,mph,,38.8,C,5.5,5.4,Dawn,1,18,1794,RML,,28.567626,77.194469
A01171,2023-09-21,1:33 PM,Thursday,Afternoon,Delhi,New Delhi,Connaught Place,Residential Area,SH,2,High,Under Construction,Bicycle,35,Female,1,0,0,Fatal,Distracted Driving,Unknown,Unknown,80,90,km/h,Dust,23.3,C,0,4.8,Daylight,11,18,1061,AIIMS,7.1,28.611042,77.226227
A01172,2024-12-25,11:13 AM,Wednesday,Morning,Delhi,New Delhi,Vasant Kunj,Intersection,NH,2,High,Good,Truck,26,Other,3,1,0,Moderate,Bad Weather,Yes,Unknown,50,61,km/h,Dust,25.6,C,0,6.8,Dusk,15,16,607,RML,4.2,28.56868,77.250632
A01173,02/07/2023,3:12 AM,Sunday,Night,Delhi,New Delhi,Saket,Residential Area,SH,6,High,Poor,Bicycle,51,Unknown,1,0,0,Minor,Pedestrian Error,No,No,40,51,km/h,Dust,39.2,C,0,8.4,Dusk,12,21,1200,Max Saket,3.6,28.603743,77.210068
A01174,2023-08-25,18:36:35,Friday,Evening,Delhi,New Delhi,Saket,School Zone,Rural,2,Medium,Under Construction,Bicycle,24,Unknown,1,3,0,Moderate,Bad Weather,Yes,Yes,60,76,km/h,Rain,33.8,C,2.5,4.5,Daylight,6,25,157,AIIMS,6.6,28.574168,77.08651
A01175,2023-04-14,12:05:42,Friday,Afternoon,Delhi,New Delhi,AIIMS,Highway stretch,Rural,3,Medium,Poor,Bicycle,41,Male,4,1,0,Minor,Reckless Overtaking,Unknown,Unknown,40,49,km/h,Thunderstorm,30.6,C,0.7,5.2,Dawn,13,25,2003,Apollo Sarita Vihar,6.7,28.628961,77.268796
A01176,2025-02-16,20:33:33,Sunday,Evening,Delhi,New Delhi,Lajpat Nagar,Market Area,Rural,2,Low,Good,Car,25,Female,1,1,0,Minor,Alcohol Influence,No,Yes,80,86,km/h,Clear,32.3,C,0,7.6,Dusk,16,17,404,Safdarjung,11.4,28.638661,77.203951
A01177,2023-06-12,17:30:28,Monday,Evening,Delhi,New Delhi,Connaught Place,Highway stretch,SH,2,Medium,Poor,Car,,Male,4,0,0,Moderate,Alcohol Influence,Unknown,Unknown,60,69,km/h,Clear,30.8,C,0,6.7,Dusk,10,16,404,Safdarjung,6.2,28.549584,77.21783
A01178,17/09/2024,18:06:46,Tuesday,Evening,Delhi,New Delhi,Chandni Chowk,School Zone,Expressway,3,Low,Fair,Truck,27,Other,1,1,0,Minor,Bad Weather,Yes,Yes,80,102,km/h,Thunderstorm,91,F,0,1.3,Night,15,16,1184,RML,2,28.686913,77.221521
A01179,03/01/2025,12:01 AM,Friday,Night,Delhi,New Delhi,Saket,Residential Area,Rural,3,Low,Good,Car,,Male,4,3,0,Minor,Overspeeding,No,Yes,100,94,km/h,Fog,31.8,C,4.9,2.7,Dawn,8,14,1161,Fortis Vasant Kunj,3.4,28.543526,77.269655
A01180,2023-03-23,5:15 AM,Thursday,Morning,Delhi,New Delhi,Rohini,School Zone,Urban,3,High,Fair,Auto-rickshaw,49,Unknown,1,2,0,Minor,Alcohol Influence,Yes,Yes,50,48,km/h,Dust,27.6,C,0,6.1,Daylight,18,11,1403,Apollo Sarita Vihar,6.2,28.584968,77.209853
A01181,02/07/2025,7:45 AM,Wednesday,Morning,Delhi,New Delhi,Dwarka,Intersection,Rural,3,Low,Fair,Bus,30,Other,1,0,0,Minor,Alcohol Influence,Unknown,No,40,53,km/h,Thunderstorm,15,C,0,1.1,Dawn,5,11,1613,Apollo Sarita Vihar,8,28.518955,77.172055
A01182,12/07/2024,16:32:57,Friday,Afternoon,Delhi,New Delhi,Connaught Place,Market Area,NH,3,High,Under Construction,Truck,,Unknown,1,2,0,Minor,Overspeeding,Unknown,Unknown,40,46,km/h,Rain,8.4,C,10.5,1.8,Dawn,22,5,1274,Max Saket,6.7,28.552574,77.239717
A01183,29/09/2023,7:34 AM,Friday,Morning,Delhi,New Delhi,Dwarka,School Zone,Urban,3,High,Fair,Truck,36,Male,4,,0,Severe,Alcohol Influence,Unknown,No,60,,km/h,Dust,33.1,C,3.7,8.1,Dusk,14,17,1487,Apollo Sarita Vihar,6.8,28.527345,77.150241
A01184,29/06/2025,15:49:10,Sunday,Afternoon,Delhi,New Delhi,Vasant Kunj,Intersection,Rural,4,High,Under Construction,Bus,35,Male,1,2,0,Severe,Pedestrian Error,Unknown,Yes,100,109,km/h,Haze,22.2,C,2.1,6.1,Dawn,18,24,1727,AIIMS,,28.545044,77.219547
A01185,21/09/2024,21:38:02,Saturday,Night,Delhi,New Delhi,Connaught Place,Highway stretch,Urban,4,High,Under Construction,Bus,52,Other,4,0,0,minor,Bad Weather,No,Unknown,60,77,km/h,Rain,24.1,C,0,3.6,daylight,18,12,1168,Max Saket,,28.660925,77.275768
A01186,09/02/2023,11:22 AM,Thursday,Morning,Delhi,New Delhi,Karol Bagh,Residential Area,SH,2,Medium,Poor,Bicycle,36,Other,2,1,0,Minor,Distracted Driving,Yes,No,40,25,km/h,Fog,35,C,0,4,Dusk,6,12,411,AIIMS,7.7,28.654164,77.15417
A01187,2024-08-05,4:08 AM,Monday,Night,Delhi,New Delhi,Rohini,Near Signal,SH,3,Low,Under Construction,Car,16,Unknown,2,2,0,Moderate,Distracted Driving,No,No,100,91,km/h,Haze,24.1,C,3.2,1.8,Dusk,12,21,505,AIIMS,5.5,28.542083,77.164752
A01188,13/11/2023,2:48 PM,Monday,Afternoon,Delhi,New Delhi,Saket,Highway stretch,SH,3,High,Under Construction,Two-wheeler,36,Other,1,1,0,Moderate,Bad Weather,Yes,Yes,100,127,km/h,Clear,41.3,C,13.8,5.7,Night,11,21,459,Max Saket,3.4,28.562476,77.141343
A01189,2023-04-28,9:46:42,Friday,Morning,Delhi,New Delhi,Saket,Market Area,SH,3,Low,Under Construction,Bicycle,17,Other,3,3,0,Minor,Reckless Overtaking,Unknown,Yes,40,68,km/h,Dust,20.2,C,0,5,Dawn,15,10,577,Fortis Vasant Kunj,0.6,28.583781,77.200231
A01190,2023-06-04,4:48:28,Sunday,Night,Delhi,New Delhi,Lajpat Nagar,Intersection,Rural,4,High,Fair,Truck,32,Other,1,3,0,Moderate,Alcohol Influence,Unknown,Yes,60,89,km/h,fog,19,C,3.1,5.3,Dawn,10,6,1219,Fortis Vasant Kunj,1.9,28.675942,77.176666
A01191,28/03/2023,12:43 PM,Tuesday,Afternoon,Delhi,New Delhi,Vasant Kunj,Residential Area,NH,2,Medium,Under Construction,Car,27,Male,2,1,,Minor,Alcohol Influence,No,No,50,71,km/h,Haze,63.1,F,0,5.2,Night,27,40,835,Apollo Sarita Vihar,6.3,28.559311,77.223024