accident_id,date,time,day_of_week,time_of_day,state,city,area,location_type,road_type,lanes,traffic_volume,road_condition,vehicle_type,driver_age,driver_gender,persons_involved,injuries,fatalities,severity,cause_primary,alcohol_involved,seatbelt_helmet_used,speed_limit,reported_speed,speed_unit,weather_main,temperature,temp_unit,precipitation_mm,visibility_km,light_conditions,police_response_time_min,ambulance_time_min,fines_issued_inr,nearest_hospital,hospital_distance_km,latitude,longitude
A01192,02/04/2024,8:47:10,Tuesday,Morning,Delhi,New Delhi,AIIMS,Residential Area,SH,4,Medium,Fair,Two-wheeler,24,Other,1,,0,Moderate,Pedestrian Error,No,Unknown,40,,km/h,Rain,31.5,C,0,4.3,Night,12,25,632,Fortis Vasant Kunj,,28.491918,77.236885
A01193,14/02/2024,23:57:10,Wednesday,Night,Delhi,New Delhi,Vasant Kunj,School Zone,Expressway,2,Medium,Fair,Auto-rickshaw,32,Other,2,0,0,Minor,Overspeeding,Yes,Yes,50,65,km/h,Thunderstorm,25.7,C,0,4.4,Dusk,21,24,1232,Apollo Sarita Vihar,4.9,28.635058,77.114271
A01194,20/08/2024,12:10 AM,Tuesday,Night,Delhi,New Delhi,Karol Bagh,School Zone,NH,2,Medium,Fair,Bicycle,43,Female,2,,0,Moderate,,No,Unknown,60,71,km/h,Rain,17.7,C,1.9,5.3,Daylight,4,12,1076,AIIMS,0.5,28.560591,77.247742
A01195,27/03/2023,6:13:57,Monday,Morning,Delhi,New Delhi,Janakpuri,Market Area,Urban,2,Low,Poor,Bicycle,,Male,2,0,0,Severe,Bad Weather,Unknown,Yes,80,75,km/h,Rain,28.2,C,6.9,4.7,Dawn,10,12,1146,Fortis Vasant Kunj,6.7,28.498223,77.274053
A01196,2023-05-16,1:06 PM,Tuesday,Afternoon,Delhi,New Delhi,Okhla,Near Signal,Urban,4,High,Fair,Bus,33,Male,1,2,0,Moderate,pedestrian error,Yes,Unknown,50,55,km/h,Haze,27.8,C,8.3,4.9,Night,22,18,0,Safdarjung,5.5,28.609188,77.143619
A01197,2024-08-31,18:39:30,Saturday,Evening,Delhi,New Delhi,Connaught Place,Near Signal,SH,3,High,Fair,Two-wheeler,27,Other,2,2,0,Moderate,Bad Weather,Yes,Yes,60,75,km/h,Dust,76.5,F,3.5,5.2,daylight,24,21,424,Safdarjung,2.2,28.574673,77.116238
A01198,2025-01-08,7:56 PM,Wednesday,Evening,Delhi,New Delhi,Karol Bagh,Near Signal,Expressway,1,Medium,Fair,Car,31,Other,1,0,0,Fatal,Vehicle Failure,Unknown,Unknown,50,,km/h,Clear,19.5,C,0,9,Daylight,14,26,756,RML,0,28.609217,77.23414
A01199,23/11/2023,4:05 PM,Thursday,Afternoon,Delhi,New Delhi,Okhla,School Zone,Rural,2,High,Fair,Two-wheeler,32,Other,2,0,0,Minor,,Yes,Yes,60,91,km/h,Fog,22.4,C,0,2.9,Dawn,8,8,478,LNJP,2.5,28.600991,77.149192
A01200,09/06/2025,17:30:55,Monday,Evening,Delhi,New Delhi,Chandni Chowk,Market Area,SH,3,High,Good,Two-wheeler,27,Male,2,0,0,Fatal,Distracted Driving,No,Yes,40,61,km/h,Rain,23,C,0,3.6,Dawn,24,16,411,Max Saket,6.6,28.676864,77.181779
A01201,01/07/2023,10:38 PM,Saturday,Night,Delhi,New Delhi,Rohini,School Zone,SH,2,Low,Under Construction,Truck,23,Female,1,1,0,Moderate,Overspeeding,No,Unknown,40,42,km/h,Dust,29.5,C,0,3.8,Dusk,20,23,388,RML,7.2,28.652347,77.197364
A01202,24/05/2025,4:11 PM,Saturday,Afternoon,Delhi,New Delhi,Dwarka,Residential Area,Rural,6,Medium,Poor,auto-rickshaw,34,Male,1,3,0,Minor,Distracted Driving,Unknown,Yes,100,84,km/h,Haze,25.9,C,0,4.9,Night,5,29,1223,RML,6.1,28.632641,77.170396
A01203,2025-02-28,18:36:05,Friday,Evening,Delhi,New Delhi,Saket,Highway stretch,Rural,6,Low,Fair,Two-wheeler,25,Unknown,1,1,0,Minor,Distracted Driving,No,No,80,130,km/h,Clear,80.2,F,3.3,4,Dawn,5,19,873,LNJP,4,28.528279,77.192755
A01204,24/03/2024,12:11 AM,Sunday,Night,Delhi,New Delhi,Dwarka,Highway stretch,SH,3,High,Good,Truck,35,Unknown,1,0,0,Minor,distracted driving,No,No,40,55,km/h,haze,26,C,0,3.7,Daylight,21,38,520,LNJP,0.1,28.499391,77.22467
A01205,2025-04-13,2:47:51,Sunday,Night,Delhi,New Delhi,IGI Airport,Residential Area,SH,3,Low,Under Construction,Truck,49,Unknown,1,0,0,Moderate,Pedestrian Error,No,Unknown,40,,km/h,Fog,17.4,C,0,2.5,Dawn,21,22,1009,Apollo Sarita Vihar,0,28.628803,77.208708
A01206,07/06/2023,21:54:46,Wednesday,Night,Delhi,New Delhi,Janakpuri,School Zone,Expressway,1,High,Fair,Bus,46,Unknown,3,0,0,Minor,Overspeeding,No,Unknown,80,62,km/h,Clear,75.6,F,0,6.5,Daylight,16,18,825,Apollo Sarita Vihar,,28.561775,77.144824
A01207,2024-09-24,3:34 PM,Tuesday,Afternoon,Delhi,New Delhi,Lajpat Nagar,Near Signal,Urban,2,Medium,Fair,Car,,Female,3,1,0,Minor,Bad Weather,Yes,Unknown,40,39,km/h,Clear,23.2,C,6.9,5.8,Dusk,15,20,1114,Apollo Sarita Vihar,1.7,28.618623,77.215972
A01208,2025-02-26,1:27 PM,Wednesday,Afternoon,Delhi,New Delhi,Lajpat Nagar,Residential Area,Urban,3,Low,Good,Bus,29,Unknown,3,1,0,Minor,Distracted Driving,Unknown,No,100,131,km/h,Thunderstorm,17.7,C,0,4.6,Daylight,9,30,1981,LNJP,6.6,28.676496,77.203682
A01209,2025-08-26,2:31 PM,Tuesday,Afternoon,Delhi,New Delhi,Karol Bagh,Market Area,Expressway,3,Medium,Fair,Two-wheeler,,Female,1,0,0,Minor,Bad Weather,No,Yes,40,44,km/h,Thunderstorm,20.8,C,0,2,Dawn,11,16,499,Max Saket,8.8,28.591957,77.181959
A01210,2023-09-04,1:20:59,Monday,Night,Delhi,New Delhi,Chandni Chowk,Residential Area,SH,2,Low,Under Construction,Truck,42,Other,1,2,0,Severe,Overspeeding,No,No,80,96,km/h,Thunderstorm,36.8,C,0,11.1,Dawn,8,12,489,LNJP,2.6,28.615378,77.159618
A01211,02/06/2023,4:20 PM,Friday,Afternoon,Delhi,New Delhi,Okhla,School Zone,Urban,6,High,Good,Bicycle,49,Unknown,5,1,0,Moderate,Alcohol Influence,Yes,Unknown,50,,km/h,Thunderstorm,91,F,4.5,4.5,Dawn,18,24,444,AIIMS,6.3,28.546912,77.225739
A01212,2023-03-09,11:28 PM,Thursday,Night,Delhi,New Delhi,Chandni Chowk,Near Signal,NH,4,High,Under Construction,Auto-rickshaw,,Female,4,0,0,Minor,Pedestrian Error,Unknown,Yes,60,100,km/h,Rain,22.2,C,9.4,3.6,Night,15,20,983,Apollo Sarita Vihar,11.3,28.590676,77.202289
A01213,03/07/2025,4:09:42,Thursday,Night,Delhi,New Delhi,IGI Airport,Intersection,Expressway,2,Medium,Fair,Two-wheeler,,Other,2,0,0,Minor,Distracted Driving,Unknown,No,80,70,km/h,Haze,26.3,C,6.1,6.4,Daylight,17,17,1669,Apollo Sarita Vihar,2.2,28.679436,77.260705
A01214,2023-11-15,7:10 AM,Wednesday,Morning,Delhi,New Delhi,IGI Airport,Residential Area,Urban,3,Low,Under Construction,Bicycle,26,Male,5,2,0,Moderate,,Yes,No,80,58,km/h,Fog,23.3,C,0,6.2,Dawn,10,20,1265,Max Saket,7.4,28.579145,77.255035
A01215,2024-09-17,11:39:53,Tuesday,Morning,Delhi,New Delhi,Lajpat Nagar,Market Area,Urban,2,Low,Fair,Truck,46,Unknown,4,0,0,Minor,Pedestrian Error,No,No,50,,mph,Dust,33,C,0,7.8,Dawn,14,14,408,Apollo Sarita Vihar,6.6,28.576727,77.174589
A01216,11/04/2024,9:08 PM,Thursday,Night,Delhi,New Delhi,AIIMS,Intersection,SH,3,High,Fair,Bus,38,Unknown,2,1,,Minor,Alcohol Influence,Unknown,Unknown,100,115,km/h,Thunderstorm,25.3,C,6.7,5.8,Night,15,19,1262,Max Saket,9.5,28.704935,77.227892
A01217,24/08/2023,18:55:05,Thursday,Evening,Delhi,New Delhi,Dwarka,Market Area,SH,4,Low,Poor,Truck,29,Male,2,0,0,Minor,Bad Weather,Yes,Yes,100,102,km/h,Clear,30.4,C,0,5.5,Dawn,2,14,1713,Fortis Vasant Kunj,8.9,28.57485,77.370478
A01218,23/02/2025,0:50:29,Sunday,Night,Delhi,New Delhi,Rohini,Intersection,Urban,2,Medium,Good,Truck,29,Other,2,1,0,Severe,Vehicle Failure,No,Unknown,40,49,km/h,Clear,31.6,C,4.8,6.2,Night,0,21,1650,Safdarjung,8.3,28.511921,77.064468
A01219,08/06/2024,8:14 PM,Saturday,Evening,Delhi,New Delhi,Saket,Market Area,NH,1,Medium,Good,Auto-rickshaw,41,Female,3,1,0,Moderate,,Unknown,Yes,40,58,km/h,rain,29.7,C,4.4,1.6,Night,10,20,832,Max Saket,1.2,28.516389,77.171569
A01220,2024-09-04,11:23 AM,Wednesday,Morning,Delhi,New Delhi,Rohini,Intersection,NH,3,Low,Fair,Auto-rickshaw,39,Other,1,2,0,Severe,Bad Weather,Unknown,No,50,27.3,mph,,15.6,C,0,0.9,Daylight,7,21,581,RML,3.1,28.6148,77.201438
A01221,16/07/2023,23:53:47,Sunday,Night,Delhi,New Delhi,Vasant Kunj,Highway stretch,Expressway,4,Low,Good,Auto-rickshaw,34,Female,1,0,0,Minor,Reckless Overtaking,Unknown,Unknown,50,78,km/h,Rain,23.3,C,0,3,Dusk,19,28,1050,Apollo Sarita Vihar,9,28.61989,77.132749
A01222,11/05/2025,0:45:09,Sunday,Night,Delhi,New Delhi,Saket,Residential Area,Rural,2,Low,Under Construction,truck,48,Other,2,0,0,Minor,Distracted Driving,Unknown,No,100,124,km/h,Dust,40.2,C,0,6,Daylight,9,13,1641,Apollo Sarita Vihar,8,28.578838,77.186361
A01223,2025-06-11,5:19 PM,Wednesday,Evening,Delhi,New Delhi,Rohini,Near Signal,NH,4,Low,Good,Auto-rickshaw,,Other,7,0,0,Severe,Bad Weather,No,Unknown,60,66,km/h,Clear,22.8,C,0,2.3,Daylight,8,3,1187,RML,4.7,28.562966,77.176398
A01224,31/08/2024,2:58 AM,Saturday,Night,Delhi,New Delhi,Saket,Near Signal,Rural,2,Medium,Good,truck,29,Female,2,1,0,Minor,Bad Weather,Unknown,No,80,50.3,mph,Fog,24,C,2.6,7.2,Dawn,4,29,1065,Apollo Sarita Vihar,9,28.669983,77.252914
A01225,2023-02-07,1:48 AM,Tuesday,Night,Delhi,New Delhi,Lajpat Nagar,Intersection,Rural,2,Medium,Good,Truck,39,Female,1,2,0,Severe,Overspeeding,No,Unknown,100,,mph,Fog,25.5,C,0,8.6,Daylight,16,16,908,Fortis Vasant Kunj,6.1,28.519681,77.27278
A01226,2023-08-17,10:33:10,Thursday,Morning,Delhi,New Delhi,IGI Airport,Market Area,Urban,1,Low,Good,Auto-rickshaw,19,Female,2,0,0,Minor,Distracted Driving,Yes,Yes,40,47,km/h,Dust,25.1,C,0,2,Dawn,13,8,1090,AIIMS,4.7,28.623932,77.199843
A01227,2024-11-22,5:46 PM,Friday,Evening,Delhi,New Delhi,Vasant Kunj,Near Signal,SH,2,Medium,Fair,Car,26,Female,1,3,0,Minor,Overspeeding,Unknown,Yes,60,53,km/h,Haze,29.4,C,0,2.2,Night,12,13,1484,AIIMS,1.5,28.628625,77.239949
A01228,2023-01-19,7:30:48,Thursday,Morning,Delhi,New Delhi,IGI Airport,Residential Area,NH,3,High,Fair,Truck,29,Other,1,0,0,minor,Alcohol Influence,No,No,50,28,km/h,,39.3,C,0,3.9,Dawn,24,16,559,Apollo Sarita Vihar,4.6,28.538925,77.274554
A01229,2025-07-17,7:01:46,Thursday,Morning,Delhi,New Delhi,Saket,Intersection,SH,2,Medium,Good,Truck,34,Male,3,,0,Moderate,Vehicle Failure,Yes,Yes,60,71,km/h,Haze,26.3,C,0,8.6,Night,17,27,0,Fortis Vasant Kunj,10.3,28.494305,77.207407
A01230,2024-11-18,11:16 PM,Monday,Night,Delhi,New Delhi,Dwarka,Residential Area,Rural,2,Medium,Poor,Truck,44,Female,2,0,0,Minor,Reckless Overtaking,No,No,40,,km/h,Dust,86.9,F,0,6.5,Dusk,11,35,698,LNJP,6.1,28.60058,77.235427
A01231,09/03/2024,10:49:06,Saturday,Morning,Delhi,New Delhi,Connaught Place,Residential Area,Expressway,2,Low,Good,Bus,16,Male,7,2,0,minor,Overspeeding,Yes,Yes,40,31.1,mph,Rain,22.9,C,0,4.9,Daylight,4,15,1385,Fortis Vasant Kunj,6,28.522353,77.229642
A01232,2024-04-18,7:57 AM,Thursday,Morning,Delhi,New Delhi,Vasant Kunj,School Zone,Expressway,4,Medium,Good,Bus,27,Unknown,2,1,0,Moderate,Distracted Driving,No,No,60,61,km/h,Haze,23.8,C,0,4.6,Dusk,1,28,1169,Max Saket,7.9,28.600486,77.241705
A01233,2025-06-03,8:27 PM,Tuesday,Evening,Delhi,New Delhi,Saket,Intersection,Rural,2,Low,Under Construction,two-wheeler,16,Female,1,1,,Moderate,Overspeeding,No,No,60,67,km/h,Haze,,C,0,5.5,Daylight,23,20,695,Apollo Sarita Vihar,,28.553787,77.233939
A01234,2023-07-11,9:34:45,Tuesday,Morning,Delhi,New Delhi,Vasant Kunj,Near Signal,Urban,4,Medium,Poor,Car,32,Male,4,,1,Minor,Pedestrian Error,No,Yes,80,75,km/h,Rain,21.9,C,0,5.5,Dusk,13,31,1480,Safdarjung,9.3,28.508121,77.222627
A01235,23/02/2025,9:23 PM,Sunday,Night,Delhi,New Delhi,Dwarka,Near Signal,NH,3,Medium,Good,Bus,32,Other,1,0,0,Minor,Reckless Overtaking,Unknown,Unknown,40,53,km/h,Clear,26.4,C,0,3.3,Dusk,20,15,622,AIIMS,1.8,28.638725,77.27269
A01236,2024-10-28,22:35:42,Monday,Night,Delhi,New Delhi,Lajpat Nagar,Market Area,NH,2,High,Poor,Auto-rickshaw,28,Female,2,1,0,Moderate,Reckless Overtaking,Unknown,No,50,87,km/h,Haze,27.1,C,1.3,4.2,Dawn,8,13,599,Max Saket,6.2,28.528821,77.19065
A01237,21/10/2024,21:40:01,Monday,Night,Delhi,New Delhi,AIIMS,Near Signal,Expressway,6,Low,Good,Auto-rickshaw,45,Female,5,2,0,Minor,Distracted Driving,Unknown,Unknown,40,55,km/h,clear,30.6,C,0,6.3,Dawn,28,22,1292,Fortis Vasant Kunj,1.9,28.615199,77.264872
A01238,23/12/2024,11:16 PM,Monday,Night,Delhi,New Delhi,Saket,Near Signal,Rural,4,Low,Poor,Auto-rickshaw,43,Other,3,1,0,Severe,Bad Weather,Unknown,Yes,40,52,km/h,Haze,,C,1,7.4,Dusk,14,18,1185,RML,0.3,28.568009,77.241497
A01239,12/11/2023,4:52:41,Sunday,Night,Delhi,New Delhi,Lajpat Nagar,School Zone,NH,4,Low,Poor,Car,20,Other,1,1,0,Severe,Pedestrian Error,Unknown,Yes,80,91,km/h,Dust,28.9,C,0,3.8,Night,6,12,1751,AIIMS,4.6,28.632389,77.204496
A01240,2023-12-10,8:04:52,Sunday,Morning,Delhi,New Delhi,Rohini,Near Signal,SH,3,High,Good,Truck,28,Male,2,1,0,moderate,Pedestrian Error,No,No,100,73,km/h,Thunderstorm,18.1,C,0,6.1,Daylight,26,25,853,Fortis Vasant Kunj,6,28.613068,77.229896
A01241,2023-05-31,3:52 PM,Wednesday,Afternoon,Delhi,New Delhi,AIIMS,Intersection,Expressway,2,Low,Good,Two-wheeler,16,Other,2,0,0,Moderate,Overspeeding,Yes,Yes,50,79,km/h,Haze,26.3,C,0,4.2,Dusk,24,15,746,Safdarjung,7.4,28.575906,77.109748
A01242,2023-12-27,15:06:43,Wednesday,Afternoon,Delhi,New Delhi,Connaught Place,Market Area,Expressway,1,High,Poor,Truck,,Female,2,0,0,Moderate,Bad Weather,No,No,60,46,km/h,Haze,21.8,C,1.7,2,Dusk,17,11,997,RML,8.9,28.606086,77.245764
A01243,17/02/2023,7:55 AM,Friday,Morning,Delhi,New Delhi,Chandni Chowk,Intersection,SH,4,Medium,Poor,Bicycle,,Male,4,1,0,Moderate,Bad Weather,Yes,Unknown,40,50,km/h,Thunderstorm,26.9,C,1.9,1.6,Night,3,13,1017,Fortis Vasant Kunj,10.5,28.608006,77.167597
A01244,29/01/2024,7:31 PM,Monday,Evening,Delhi,New Delhi,Connaught Place,School Zone,Rural,2,Low,Fair,Car,40,Male,3,0,0,Minor,Pedestrian Error,No,No,60,69,km/h,Rain,87.1,F,0,6.2,Dusk,14,18,80,Apollo Sarita Vihar,1.4,28.528676,77.236137
A01245,2024-11-04,10:33 PM,Monday,Night,Delhi,New Delhi,Janakpuri,Residential Area,Expressway,6,Medium,Fair,Bus,49,Other,1,1,0,moderate,Bad Weather,Yes,Unknown,50,,km/h,Clear,65.3,F,9,2.8,Dusk,14,2,567,Safdarjung,5,28.637349,77.089654
A01246,26/02/2023,17:10:10,Sunday,Evening,Delhi,New Delhi,IGI Airport,Market Area,Rural,3,Medium,Good,Two-wheeler,56,Female,1,2,0,Moderate,Pedestrian Error,Yes,No,100,103,km/h,dust,34.9,C,7.3,4.8,Daylight,4,13,1030,AIIMS,6.3,28.573108,77.215544
A01247,2023-05-11,11:22 PM,Thursday,Night,Delhi,New Delhi,AIIMS,Intersection,NH,3,Low,Under Construction,Bus,,Other,2,2,0,Minor,Vehicle Failure,Yes,No,100,134,km/h,Thunderstorm,24,C,0,5.2,Daylight,21,17,1476,Safdarjung,2,28.569076,77.240832
A01248,2025-06-02,22:32:53,Monday,Night,Delhi,New Delhi,Janakpuri,School Zone,Rural,2,Medium,Good,Bus,23,Female,1,1,0,Minor,alcohol influence,No,Yes,50,81,km/h,Haze,43.6,C,2.4,5.6,Dawn,24,8,813,Fortis Vasant Kunj,6.1,28.565286,77.309341
A01249,2025-01-13,11:07:29,Monday,Morning,Delhi,New Delhi,IGI Airport,Highway stretch,Expressway,4,High,Poor,Car,,Female,1,2,0,Severe,Pedestrian Error,No,Yes,60,85,km/h,Clear,18.9,C,0,5.7,Daylight,24,17,231,Fortis Vasant Kunj,3.2,28.561351,77.186669
A01250,2024-02-21,11:05 PM,Wednesday,Night,Delhi,New Delhi,Connaught Place,School Zone,SH,2,Low,Poor,Bus,25,Unknown,1,,0,Moderate,Reckless Overtaking,No,Yes,100,148,km/h,Haze,39,C,0,3.7,Dawn,26,26,988,Apollo Sarita Vihar,,28.55831,77.184718
A01251,2025-01-07,16:34:27,Tuesday,Afternoon,Delhi,New Delhi,Rohini,Residential Area,Expressway,2,Low,Good,Bus,17,Female,1,0,0,Moderate,Pedestrian Error,Yes,Yes,80,65,km/h,Dust,22.7,C,0,5.4,Dawn,15,17,1795,Apollo Sarita Vihar,5.3,28.568442,77.160915
A01252,2024-07-13,6:15 PM,Saturday,Evening,Delhi,New Delhi,Chandni Chowk,School Zone,Expressway,2,High,Under Construction,Bicycle,,Unknown,1,0,0,Minor,,Unknown,No,60,87,km/h,Haze,21.7,C,0,3.9,Night,7,22,1020,Max Saket,2.5,28.569443,77.15706
A01253,2023-10-05,23:03:18,Thursday,Night,Delhi,New Delhi,Connaught Place,Market Area,Rural,4,Low,Good,Two-wheeler,38,Unknown,3,3,0,Moderate,Bad Weather,Yes,Yes,60,72,km/h,Clear,20.6,C,0,2,Dusk,25,14,425,Safdarjung,4.2,28.575414,77.135283
A01254,20/07/2023,5:14 AM,Thursday,Morning,Delhi,New Delhi,Karol Bagh,School Zone,Expressway,6,Low,Poor,Truck,48,Male,1,4,0,Minor,Bad Weather,Yes,Unknown,100,117,km/h,Clear,25.8,C,0.5,6.8,night,15,28,0,Max Saket,,28.606978,77.28802
A01255,2024-02-20,8:35:12,Tuesday,Morning,Delhi,New Delhi,Connaught Place,Highway stretch,Rural,2,High,Under Construction,Bicycle,16,Unknown,2,0,0,Minor,Reckless Overtaking,No,Yes,40,53,km/h,Clear,17.7,C,0,4.4,Night,15,11,1219,Fortis Vasant Kunj,,28.685149,77.215367
A01256,15/07/2023,14:14:59,Saturday,Afternoon,Delhi,New Delhi,Saket,School Zone,Expressway,3,High,Poor,Two-wheeler,26,Male,3,1,0,Minor,Reckless Overtaking,Unknown,No,50,50,km/h,Fog,32.3,C,0,5.6,Dawn,8,16,487,Apollo Sarita Vihar,6.2,28.602271,77.252588
A01257,24/06/2023,17:37:05,Saturday,Evening,Delhi,New Delhi,IGI Airport,Market Area,SH,2,Low,Poor,Two-wheeler,32,Female,2,1,,Minor,Alcohol Influence,No,Unknown,60,84,km/h,Thunderstorm,30.9,C,2.9,11,Dusk,26,29,261,Safdarjung,1.5,28.595311,77.118475
A01258,24/09/2024,10:31:33,Tuesday,Morning,Delhi,New Delhi,Janakpuri,Highway stretch,NH,2,High,Good,Bus,30,Female,3,1,0,Minor,Overspeeding,No,Unknown,100,125,km/h,Clear,29.9,C,0,0.9,Dusk,8,3,984,Max Saket,9.2,28.544447,77.222101
A01259,2023-03-18,8:50 PM,Saturday,Evening,Delhi,New Delhi,Connaught Place,Market Area,Rural,2,High,Good,Two-wheeler,16,Male,4,,0,Fatal,Distracted Driving,Unknown,No,80,81,km/h,rain,18.4,C,0,5.5,Daylight,26,10,1124,Apollo Sarita Vihar,5.7,28.622926,77.144341
A01260,2024-10-15,2:35 PM,Tuesday,Afternoon,Delhi,New Delhi,Karol Bagh,School Zone,Expressway,4,Medium,Good,Car,51,Female,3,1,0,Severe,Bad Weather,No,No,60,48,km/h,Fog,26.8,C,0,4,Daylight,12,4,1100,Max Saket,2.7,28.550544,77.254671
A01261,2023-10-12,2:14 AM,Thursday,Night,Delhi,New Delhi,Connaught Place,Highway stretch,Expressway,3,High,Fair,Bus,27,Male,2,0,0,Severe,Alcohol Influence,Unknown,Unknown,80,90,km/h,rain,27.1,C,0,8.9,Night,22,15,613,RML,5.8,28.589726,77.185677
A01262,2024-04-28,7:47:26,Sunday,Morning,Delhi,New Delhi,Dwarka,School Zone,Rural,2,High,Fair,Auto-rickshaw,,Female,2,1,0,Moderate,Pedestrian Error,Yes,Unknown,50,55,km/h,Fog,29.8,C,0,3,Night,19,5,1067,Fortis Vasant Kunj,1.6,28.663599,77.223398
A01263,15/08/2025,9:03:55,Friday,Morning,Delhi,New Delhi,Vasant Kunj,School Zone,NH,4,High,Under Construction,Two-wheeler,,Male,3,0,0,Minor,Vehicle Failure,Yes,No,100,89,km/h,Dust,25.9,C,0,5.2,Daylight,13,17,1110,RML,5.7,28.55334,77.193003
A01264,2023-11-19,10:58:57,Sunday,Morning,Delhi,New Delhi,Connaught Place,Intersection,Expressway,3,Medium,Good,Two-wheeler,50,Other,1,0,0,Minor,Vehicle Failure,No,Unknown,50,66,km/h,Dust,32.8,C,0,4.6,Daylight,12,14,326,LNJP,6.6,28.58849,77.17988
A01265,2024-12-09,6:41:58,Monday,Morning,Delhi,New Delhi,Dwarka,Highway stretch,Expressway,3,Low,Poor,Truck,35,Unknown,1,1,0,Minor,Alcohol Influence,Yes,No,40,60,km/h,Rain,21,C,0,5.2,Dawn,5,5,552,AIIMS,6.5,28.665169,77.202487
A01266,2024-02-27,10:02:09,Tuesday,Morning,Delhi,New Delhi,Connaught Place,Highway stretch,Expressway,4,High,Poor,Truck,48,Unknown,1,3,0,Minor,Vehicle Failure,No,Unknown,50,42,km/h,Dust,31.7,C,0,3.7,Dawn,0,4,1199,Apollo Sarita Vihar,7.6,28.619656,77.112705
A01267,2024-05-22,14:10:46,Wednesday,Afternoon,Delhi,New Delhi,Karol Bagh,School Zone,Urban,6,High,Good,Truck,36,Female,4,1,0,Minor,Pedestrian Error,Unknown,Unknown,80,83,km/h,Fog,31.9,C,0,4,Daylight,14,18,328,LNJP,4,28.532133,77.160038
A01268,2024-08-16,8:16:57,Friday,Morning,Delhi,New Delhi,Dwarka,Market Area,Rural,4,High,Under Construction,Auto-rickshaw,32,Other,2,1,0,Moderate,Alcohol Influence,No,No,50,83,km/h,Thunderstorm,26.7,C,0,4.4,Dawn,12,15,0,Fortis Vasant Kunj,,28.679814,77.214628
A01269,10/01/2024,19:09:11,Wednesday,Evening,Delhi,New Delhi,Karol Bagh,Market Area,SH,3,Medium,Under Construction,Truck,41,Unknown,4,0,0,Minor,Overspeeding,No,Unknown,100,,km/h,Fog,32.9,C,0,3.7,Night,12,16,887,LNJP,2.1,28.599458,77.226114
A01270,04/04/2023,15:45:38,Tuesday,Afternoon,Delhi,New Delhi,Connaught Place,Highway stretch,Rural,2,Low,Poor,Auto-rickshaw,41,Male,1,2,0,Minor,Distracted Driving,No,No,60,102,km/h,Clear,27,C,2.5,8.6,Night,7,29,1495,Fortis Vasant Kunj,2.4,28.571594,77.185943
A01271,10/02/2023,2:33 PM,Friday,Afternoon,Delhi,New Delhi,Chandni Chowk,Market Area,Rural,4,Low,Poor,Two-wheeler,49,Male,2,1,0,Minor,Distracted Driving,No,Unknown,50,41,km/h,Clear,13.9,C,0,4,Night,10,36,187,Max Saket,1.9,28.60687,77.192949
A01272,2023-08-26,6:36 AM,Saturday,Morning,Delhi,New Delhi,Chandni Chowk,Market Area,Rural,2,Low,Poor,Bicycle,40,Male,3,2,0,Minor,Reckless Overtaking,No,No,100,,km/h,Dust,25,C,0,5.1,Dusk,8,4,1365,Safdarjung,5.3,28.570823,77.147681
A01273,2025-01-19,10:34 AM,Sunday,Morning,Delhi,New Delhi,Dwarka,Residential Area,Urban,2,High,Good,Bus,48,Other,3,0,0,Moderate,bad weather,Yes,No,50,68,km/h,Rain,,C,1.4,2.1,Dusk,4,7,282,Apollo Sarita Vihar,1.6,28.574244,77.196244
A01274,2023-04-25,5:44:11,Tuesday,Morning,Delhi,New Delhi,IGI Airport,Near Signal,SH,6,Medium,Fair,Bus,34,Male,1,,0,Moderate,Pedestrian Error,Unknown,Yes,100,107,km/h,Thunderstorm,24.4,C,0,8.9,dusk,2,1,263,Max Saket,0.3,28.604605,77.265352
A01275,2024-09-14,11:34:05,Saturday,Morning,Delhi,New Delhi,AIIMS,Intersection,NH,1,Low,Under Construction,Bicycle,23,Male,2,1,0,Minor,Overspeeding,Yes,No,100,110,km/h,Fog,27,C,0,3.9,Dawn,13,24,1164,RML,4.4,28.631231,77.228519
A01276,2024-05-04,7:43:01,Saturday,Morning,Delhi,New Delhi,Connaught Place,Highway stretch,Rural,2,Medium,Fair,Auto-rickshaw,,Other,1,1,0,Moderate,Reckless Overtaking,Unknown,Unknown,50,37,km/h,Clear,31.3,C,0,7.5,Dawn,9,25,1712,Safdarjung,4,28.597522,77.232081