accident_id,date,time,day_of_week,time_of_day,state,city,area,location_type,road_type,lanes,traffic_volume,road_condition,vehicle_type,driver_age,driver_gender,persons_involved,injuries,fatalities,severity,cause_primary,alcohol_involved,seatbelt_helmet_used,speed_limit,reported_speed,speed_unit,weather_main,temperature,temp_unit,precipitation_mm,visibility_km,light_conditions,police_response_time_min,ambulance_time_min,fines_issued_inr,nearest_hospital,hospital_distance_km,latitude,longitude
A01277,01/07/2024,4:20 PM,Monday,Afternoon,Delhi,New Delhi,Dwarka,Near Signal,SH,4,High,Poor,Car,22,Other,1,1,0,Moderate,Vehicle Failure,Unknown,No,80,87,km/h,Dust,27.2,C,2.4,6.6,Night,22,22,535,Max Saket,5.8,28.628426,77.248312
A01278,2024-10-12,21:15:35,Saturday,Night,Delhi,New Delhi,Okhla,Highway stretch,Urban,3,High,Poor,Car,26,Female,1,0,0,Minor,Vehicle Failure,Unknown,Unknown,80,67.1,mph,Fog,22.8,C,0.2,6.9,Dawn,1,34,378,LNJP,5.1,28.590692,77.214374
A01279,2023-08-21,1:08 AM,Monday,Night,Delhi,New Delhi,Saket,Residential Area,SH,2,Medium,Fair,Bicycle,45,Other,2,1,0,Minor,pedestrian error,Unknown,No,40,63,km/h,Dust,27.3,C,0,3.7,Night,23,27,476,RML,7.8,28.657892,77.18259
A01280,01/09/2023,1:17:27,Friday,Night,Delhi,New Delhi,Okhla,Residential Area,Urban,3,Low,Good,Bicycle,54,Other,3,1,0,Minor,,Yes,Unknown,60,38.5,mph,Haze,91.9,F,0,9.1,Daylight,14,17,1031,Fortis Vasant Kunj,5.5,28.621693,77.137842
A01281,2023-01-14,12:57 PM,Saturday,Afternoon,Delhi,New Delhi,AIIMS,Near Signal,Urban,3,Medium,Good,Bus,30,Female,2,1,0,Minor,Distracted Driving,Yes,Yes,100,102,km/h,Rain,23.2,C,0,5,Night,11,24,1421,Apollo Sarita Vihar,5.7,28.635602,77.176523
A01282,01/11/2024,8:28 PM,Friday,Evening,Delhi,New Delhi,Rohini,Intersection,Urban,3,Low,Good,Bus,43,Other,5,2,0,Minor,Bad Weather,Yes,Yes,50,48,km/h,Dust,32.8,C,0,9.3,Dusk,9,11,1419,RML,6.8,28.606524,77.319358
A01283,20/02/2024,18:47:52,Tuesday,Evening,Delhi,New Delhi,Dwarka,Market Area,Urban,2,Medium,Good,Two-wheeler,44,Male,4,,0,Moderate,Distracted Driving,No,Yes,80,88,km/h,Haze,41.8,C,0,2.7,Dawn,5,31,1104,RML,2,28.693236,77.196799
A01284,2024-02-22,2:34 PM,Thursday,Afternoon,Delhi,New Delhi,Lajpat Nagar,Highway stretch,NH,3,Low,Good,Two-wheeler,,Male,1,0,0,Minor,Alcohol Influence,Yes,No,80,117,km/h,Haze,36.7,C,0,4.2,Dawn,20,36,479,Max Saket,4.6,28.553319,77.140224
A01285,31/05/2025,9:04:48,Saturday,Morning,Delhi,New Delhi,Okhla,Market Area,SH,3,High,Poor,Two-wheeler,57,Female,4,0,0,Moderate,Alcohol Influence,No,Unknown,50,49,km/h,Thunderstorm,,C,3.8,3.2,Night,12,20,1271,Fortis Vasant Kunj,4.5,28.598535,77.23357
A01286,2023-03-27,3:49 AM,Monday,Night,Delhi,New Delhi,Janakpuri,Intersection,Urban,3,High,Poor,Two-wheeler,40,Male,1,4,0,Moderate,Bad Weather,Yes,Yes,80,62,km/h,Dust,21.4,C,0,4.9,Dawn,13,19,487,LNJP,8.6,28.532733,77.11837
A01287,2024-09-07,21:51:28,Saturday,Night,Delhi,New Delhi,Dwarka,Intersection,Expressway,3,Medium,Good,Two-wheeler,18,Other,2,1,0,Minor,Bad Weather,No,No,60,90,km/h,Fog,44.7,C,2,6,Daylight,21,18,1293,Safdarjung,3.7,28.621446,77.189835
A01288,2023-09-07,6:13:29,Thursday,Morning,Delhi,New Delhi,Lajpat Nagar,Intersection,SH,4,Low,Poor,Auto-rickshaw,,Unknown,1,0,0,Moderate,Reckless Overtaking,Unknown,Unknown,60,118,km/h,Thunderstorm,45.3,C,0,4.1,Dawn,20,9,683,Safdarjung,4.6,28.673219,77.203918
A01289,29/04/2025,0:40:49,Tuesday,Night,Delhi,New Delhi,IGI Airport,Near Signal,Urban,2,Medium,Good,Truck,37,Unknown,2,0,0,Moderate,Bad Weather,Yes,Yes,100,90,km/h,Fog,34.9,C,0,5.4,Night,1,34,898,Apollo Sarita Vihar,5.5,28.578194,77.217126
A01290,2023-02-19,1:16 AM,Sunday,Night,Delhi,New Delhi,Vasant Kunj,Market Area,Rural,4,Medium,Under Construction,Bicycle,35,Other,4,0,0,Minor,Reckless Overtaking,No,No,100,,km/h,Dust,22.1,C,0,3.8,Daylight,30,3,693,RML,3.1,28.580072,77.212438
A01291,2025-01-30,10:23 PM,Thursday,Night,Delhi,New Delhi,Chandni Chowk,School Zone,Rural,3,Medium,Good,Auto-rickshaw,,Male,3,0,0,Minor,Reckless Overtaking,Unknown,Unknown,80,102,km/h,Rain,25.5,C,2.8,6.6,Dusk,19,25,89,LNJP,,28.705316,77.131216
A01292,2025-07-08,11:26 AM,Tuesday,Morning,Delhi,New Delhi,Chandni Chowk,Highway stretch,SH,2,High,Good,Car,21,Other,3,1,0,Minor,Distracted Driving,Yes,Unknown,40,46,km/h,Thunderstorm,23.6,C,0,4.9,Dawn,12,38,1092,Apollo Sarita Vihar,5.8,28.650593,77.215033
A01293,2024-06-19,3:46 AM,Wednesday,Night,Delhi,New Delhi,Rohini,Residential Area,Expressway,2,High,Poor,Auto-rickshaw,36,Male,2,3,0,Minor,Bad Weather,No,Yes,50,34,km/h,Haze,22.3,C,0,4.4,Night,8,31,1284,Apollo Sarita Vihar,6.5,28.569692,77.243388
A01294,01/03/2024,11:48 PM,Friday,Night,Delhi,New Delhi,Chandni Chowk,Near Signal,SH,3,Medium,Good,Bus,23,Male,2,1,0,Moderate,Alcohol Influence,Yes,Unknown,50,41,km/h,,87.1,F,0,6.2,dusk,3,17,1286,Max Saket,9.7,28.59498,77.269296
A01295,21/04/2023,19:24:19,Friday,Evening,Delhi,New Delhi,Karol Bagh,School Zone,Urban,6,High,Fair,Car,27,Other,1,2,0,Moderate,Pedestrian Error,Yes,No,60,59,km/h,Rain,45.3,C,0,1.7,Dawn,5,7,1125,Safdarjung,9,28.599617,77.270184
A01296,2023-05-24,1:04:50,Wednesday,Night,Delhi,New Delhi,Rohini,Highway stretch,NH,1,Medium,Under Construction,Bicycle,53,Unknown,2,2,0,Minor,reckless overtaking,No,No,40,42,km/h,Haze,67.1,F,0,6.6,Daylight,22,4,0,AIIMS,8.1,28.588945,77.274359
A01297,09/05/2023,2:12 AM,Tuesday,Night,Delhi,New Delhi,AIIMS,School Zone,SH,3,Low,Poor,Bicycle,29,Female,1,2,0,Moderate,Pedestrian Error,Unknown,No,50,53,km/h,Haze,41.6,C,4.9,3.9,Dusk,20,17,665,RML,6.4,28.675439,77.242246
A01298,04/05/2024,2:21:34,Saturday,Night,Delhi,New Delhi,AIIMS,Residential Area,Rural,4,Low,Poor,Two-wheeler,38,Other,4,2,0,moderate,,No,Yes,80,88,km/h,Rain,19.8,C,0,8.5,Dusk,18,20,0,LNJP,7.6,28.640168,77.169558
A01299,19/07/2024,3:34:46,Friday,Night,Delhi,New Delhi,Vasant Kunj,Intersection,Urban,3,Medium,Under Construction,Two-wheeler,50,Other,1,3,1,Moderate,Reckless Overtaking,Unknown,Unknown,80,91,km/h,Clear,34.9,C,0,5.2,Night,14,11,826,LNJP,7.2,28.548239,77.106539
A01300,02/07/2024,10:07 PM,Tuesday,Night,Delhi,New Delhi,Karol Bagh,Near Signal,Urban,4,High,Under Construction,Two-wheeler,51,Male,1,0,0,Moderate,Bad Weather,Yes,No,40,61,km/h,Fog,36.3,C,0,4.8,Daylight,4,37,1798,AIIMS,5.3,28.573335,77.153234
A01301,27/09/2024,17:26:23,Friday,Evening,Delhi,New Delhi,Connaught Place,Near Signal,Expressway,2,Low,Fair,Bus,59,Male,2,0,0,Minor,Bad Weather,Unknown,No,60,64,km/h,Rain,32.1,C,3.2,3.9,Daylight,7,21,1634,RML,4.9,28.605415,77.167291
A01302,2024-11-27,21:17:05,Wednesday,Night,Delhi,New Delhi,Rohini,Near Signal,Urban,3,Medium,Poor,Car,51,Unknown,2,1,0,severe,Reckless Overtaking,Unknown,Unknown,60,48.5,mph,Fog,27.7,C,0,7.6,Dusk,13,28,391,Safdarjung,3.4,28.631478,77.178219
A01303,25/01/2024,2:00 AM,Thursday,Night,Delhi,New Delhi,Vasant Kunj,Residential Area,Rural,6,Medium,Under Construction,Two-wheeler,,Female,3,1,0,Minor,Pedestrian Error,No,Unknown,60,53,km/h,Fog,23.6,C,0,8.3,Night,26,17,694,RML,6,28.646289,77.196017
A01304,2024-12-21,23:41:55,Saturday,Night,Delhi,New Delhi,AIIMS,Highway stretch,Expressway,2,Low,Fair,Bicycle,39,Other,1,0,0,Moderate,Alcohol Influence,Unknown,Unknown,80,78,km/h,Dust,25.2,C,0,3.1,Dawn,24,8,938,Max Saket,8.2,28.627025,77.106341
A01305,2023-04-20,3:29:23,Thursday,Night,Delhi,New Delhi,Lajpat Nagar,School Zone,Rural,3,Medium,Poor,Two-wheeler,,Unknown,1,0,0,Minor,Overspeeding,No,Unknown,100,95,km/h,Thunderstorm,28.8,C,0,5.1,Dusk,19,1,595,Apollo Sarita Vihar,0.6,28.576811,77.200635
A01306,2024-11-01,9:07:10,Friday,Morning,Delhi,New Delhi,IGI Airport,Intersection,Rural,3,Medium,Under Construction,Bicycle,20,Female,2,0,0,Minor,Reckless Overtaking,Yes,Unknown,50,79,km/h,Dust,,F,3.6,7.2,Dusk,6,22,1377,Apollo Sarita Vihar,,28.560412,77.186333
A01307,09/05/2024,1:41:46,Thursday,Night,Delhi,New Delhi,IGI Airport,Market Area,NH,3,High,Under Construction,Auto-rickshaw,,Unknown,1,2,0,Minor,,No,Unknown,60,46,km/h,Dust,17.2,C,3.5,6.6,Dawn,13,11,998,Fortis Vasant Kunj,1.9,28.469279,77.220765
A01308,28/03/2024,19:41:12,Thursday,Evening,Delhi,New Delhi,Janakpuri,Market Area,Expressway,2,Low,Under Construction,Truck,46,Female,1,2,0,Minor,Bad Weather,No,Yes,80,103,km/h,Rain,22.9,C,10.9,2.6,Dusk,13,17,1737,AIIMS,6.2,28.548099,77.224665
A01309,2025-07-17,21:24:18,Thursday,Night,Delhi,New Delhi,Janakpuri,Intersection,NH,3,Medium,Poor,Two-wheeler,40,Unknown,3,2,0,Moderate,Overspeeding,Unknown,No,100,123,km/h,Fog,23.1,C,0,5.2,night,8,21,399,Max Saket,3.7,28.622614,77.187664
A01310,11/05/2023,11:04:14,Thursday,Morning,Delhi,New Delhi,Janakpuri,Residential Area,Urban,2,Medium,Good,Bus,43,Other,1,2,0,Minor,Alcohol Influence,Unknown,Yes,60,,km/h,Thunderstorm,35.5,C,0,8,Dawn,14,22,598,Apollo Sarita Vihar,5.5,28.661067,77.208294
A01311,25/12/2023,20:58:24,Monday,Evening,Delhi,New Delhi,Dwarka,Intersection,Expressway,4,Medium,Good,Two-wheeler,33,Female,1,2,0,Fatal,Reckless Overtaking,Unknown,Yes,100,121,km/h,Clear,18.5,C,1.1,4.1,Night,26,17,0,RML,3.7,28.507878,77.218796
A01312,26/05/2024,17:07:10,Sunday,Evening,Delhi,New Delhi,IGI Airport,Market Area,Urban,3,Low,Poor,Bus,48,Male,2,0,0,Moderate,Distracted Driving,No,Yes,60,54,km/h,Haze,21.1,C,10.2,7.8,Dawn,21,4,951,Safdarjung,6.9,28.614271,77.203725
A01313,23/11/2024,10:12 PM,Saturday,Night,Delhi,New Delhi,IGI Airport,Residential Area,Urban,3,Medium,Fair,bus,40,Female,3,2,0,Moderate,Overspeeding,Yes,No,100,117,km/h,Rain,86,F,0,6.1,Daylight,25,9,1785,RML,4.5,28.526424,77.243133
A01314,16/02/2025,5:17:56,Sunday,Morning,Delhi,New Delhi,Connaught Place,Highway stretch,Rural,3,High,Fair,Truck,49,Female,1,2,,Moderate,Overspeeding,Unknown,Unknown,40,41,km/h,Clear,24.7,C,0,5.5,Daylight,6,21,746,AIIMS,0.2,28.662407,77.240938
A01315,2023-09-06,9:31 AM,Wednesday,Morning,Delhi,New Delhi,Saket,Near Signal,NH,2,Medium,Under Construction,Bus,48,Female,2,0,0,Minor,Vehicle Failure,Unknown,No,100,107,km/h,Clear,25.2,C,0,1.9,Dawn,11,8,976,AIIMS,2.8,28.651238,77.175971
A01316,27/06/2023,3:37 AM,Tuesday,Night,Delhi,New Delhi,Chandni Chowk,School Zone,SH,2,Low,Good,Bicycle,41,Other,1,1,0,Minor,,Unknown,Yes,40,58,km/h,Fog,,C,0,4.2,Dawn,10,16,1255,AIIMS,4.4,28.687326,77.232315
A01317,2023-06-07,12:45 AM,Wednesday,Night,Delhi,New Delhi,Chandni Chowk,Residential Area,NH,4,Medium,Under Construction,Car,22,Male,2,1,0,moderate,,Unknown,Yes,100,128,km/h,Clear,26.8,C,0,5.1,Night,9,10,755,Max Saket,4.8,28.610837,77.259923
A01318,2023-04-28,12:45:52,Friday,Afternoon,Delhi,New Delhi,Okhla,School Zone,SH,2,Low,Under Construction,Bus,52,Female,2,0,0,Minor,Pedestrian Error,No,No,40,81,km/h,Clear,,C,0,4.6,Daylight,18,5,1818,Fortis Vasant Kunj,3.4,28.544743,77.106025
A01319,2025-07-13,7:40:34,Sunday,Morning,Delhi,New Delhi,Dwarka,School Zone,Urban,3,High,Poor,Two-wheeler,21,Female,3,2,0,Moderate,Vehicle Failure,No,Unknown,80,62,km/h,rain,27.3,C,0,9.9,Daylight,12,27,1171,RML,2.1,28.617018,77.285239
A01320,2025-05-25,23:56:09,Sunday,Night,Delhi,New Delhi,IGI Airport,Highway stretch,SH,4,Low,Good,Auto-rickshaw,16,Male,1,3,1,Minor,Alcohol Influence,Unknown,Yes,100,96.3,mph,Fog,25.4,C,2.7,2.7,Daylight,20,27,1273,Fortis Vasant Kunj,5.3,28.610379,77.167766
A01321,20/06/2025,1:29 PM,Friday,Afternoon,Delhi,New Delhi,Chandni Chowk,Market Area,NH,1,High,Fair,Auto-rickshaw,40,Other,2,2,0,Moderate,Reckless Overtaking,No,Yes,100,108,km/h,Haze,23.1,C,0,2.7,dawn,18,25,1334,RML,11,28.599209,77.193825
A01322,17/11/2023,8:44 AM,Friday,Morning,Delhi,New Delhi,Dwarka,Near Signal,Expressway,3,Low,Under Construction,Two-wheeler,,Unknown,1,2,0,Severe,Alcohol Influence,Unknown,Unknown,50,36,km/h,thunderstorm,29.2,C,10.9,5.1,Daylight,10,25,1152,AIIMS,2.2,28.590389,77.205941
A01323,21/09/2024,7:53:02,Saturday,Morning,Delhi,New Delhi,Rohini,School Zone,SH,2,Medium,Poor,Bicycle,39,Female,3,1,0,Severe,Overspeeding,Yes,Unknown,60,83,km/h,Dust,31.1,C,7.6,7.4,Night,12,20,1666,RML,6.4,28.632829,77.181751
A01324,30/05/2024,2:22:36,Thursday,Night,Delhi,New Delhi,Connaught Place,Near Signal,Expressway,2,High,Good,Auto-rickshaw,,Unknown,1,1,0,Fatal,Vehicle Failure,No,No,50,46,mph,Thunderstorm,34.7,C,5.1,4.3,Night,4,22,528,Safdarjung,2.8,28.603557,77.144787
A01325,11/10/2024,11:03 PM,Friday,Night,Delhi,New Delhi,Connaught Place,Highway stretch,Expressway,3,High,Fair,Car,,Unknown,2,1,0,Moderate,Vehicle Failure,Yes,No,60,57,km/h,Dust,27,C,6.9,1.7,Dawn,4,17,441,Safdarjung,7,28.586309,77.190774
A01326,2023-07-09,9:06 AM,Sunday,Morning,Delhi,New Delhi,Rohini,School Zone,Urban,4,High,Good,Car,32,Female,3,2,0,Minor,Distracted Driving,No,Yes,100,130,km/h,Dust,30.9,C,0,1.2,Dawn,22,17,732,LNJP,7,28.699929,77.171871
A01327,2023-06-23,18:16:06,Friday,Evening,Delhi,New Delhi,Connaught Place,Residential Area,Urban,6,High,Fair,Car,37,Other,4,,0,Minor,Reckless Overtaking,Yes,Yes,40,50,km/h,Haze,22.2,C,0,8.3,Dusk,28,9,1129,LNJP,8,28.667794,77.092231
A01328,2024-10-13,14:50:54,Sunday,Afternoon,Delhi,New Delhi,IGI Airport,Residential Area,Expressway,2,High,Poor,Bus,28,Other,1,0,0,Minor,Overspeeding,Yes,Unknown,60,46,mph,,24.8,C,0,4.7,Night,11,15,1097,RML,9.3,28.607325,77.166561
A01329,2023-01-07,4:26 AM,Saturday,Night,Delhi,New Delhi,Connaught Place,Residential Area,Expressway,2,Low,Good,Auto-rickshaw,44,Other,1,1,0,Moderate,Reckless Overtaking,Unknown,No,80,64,km/h,Thunderstorm,89.2,F,0,2.7,Daylight,16,28,1105,Apollo Sarita Vihar,1.5,28.578866,77.156264
A01330,19/06/2023,12:38 PM,Monday,Afternoon,Delhi,New Delhi,Chandni Chowk,Near Signal,NH,4,Low,Under Construction,Car,22,Male,3,2,0,Minor,Vehicle Failure,No,No,60,72,km/h,Thunderstorm,18.2,C,6.7,3.3,Dawn,36,19,525,LNJP,,28.545016,77.196
A01331,10/07/2024,11:56:03,Wednesday,Morning,Delhi,New Delhi,Connaught Place,Near Signal,Urban,3,Medium,Under Construction,Bicycle,31,Female,5,0,0,Severe,Distracted Driving,Yes,Yes,40,,km/h,Fog,32.1,C,0,5.1,Night,13,15,1144,Apollo Sarita Vihar,4.3,28.506731,77.139031
A01332,2023-11-23,8:30 PM,Thursday,Evening,Delhi,New Delhi,Karol Bagh,Highway stretch,Urban,3,Low,Poor,Bicycle,21,Other,1,0,0,Minor,Pedestrian Error,Yes,Unknown,50,36,km/h,Fog,16.7,C,0,5.6,Daylight,26,27,400,Max Saket,7.1,28.594528,77.18461
A01333,06/02/2025,11:55 AM,Thursday,Morning,Delhi,New Delhi,Okhla,Near Signal,NH,4,Medium,Poor,Truck,29,Male,1,0,0,Fatal,Distracted Driving,Unknown,Yes,40,73,km/h,Haze,20.8,C,2.4,6.7,Dusk,11,2,629,Apollo Sarita Vihar,3,28.601394,77.267203
A01334,2024-05-03,7:58 AM,Friday,Morning,Delhi,New Delhi,Karol Bagh,Near Signal,Rural,3,Medium,Poor,Bicycle,18,Female,1,0,0,Minor,Reckless Overtaking,No,No,80,92,km/h,Thunderstorm,27.8,C,0,7.2,Dawn,18,1,291,Apollo Sarita Vihar,1.9,28.566817,77.190404
A01335,20/05/2025,17:57:22,Tuesday,Evening,Delhi,New Delhi,AIIMS,School Zone,SH,4,Medium,Under Construction,Two-wheeler,37,Male,2,2,0,Minor,Pedestrian Error,No,Unknown,50,66,km/h,,28.1,C,0,3.5,Dawn,30,17,833,Fortis Vasant Kunj,4.9,28.493186,77.089778
A01336,2025-07-26,1:41 AM,Saturday,Night,Delhi,New Delhi,IGI Airport,School Zone,Urban,3,Low,Good,Bus,33,Unknown,2,2,0,Severe,Vehicle Failure,Unknown,Unknown,60,,km/h,Rain,62.6,F,0,6,Dawn,19,26,902,LNJP,1.5,28.587733,77.175747
A01337,04/06/2025,2:54:43,Wednesday,Night,Delhi,New Delhi,Okhla,Highway stretch,SH,2,High,Under Construction,Two-wheeler,24,Other,1,2,0,Moderate,,Yes,Unknown,60,32.9,mph,Clear,27.5,C,0.5,4.5,Night,24,24,1019,Max Saket,5.6,28.615891,77.237226
A01338,29/06/2023,12:38 AM,Thursday,Night,Delhi,New Delhi,Janakpuri,Highway stretch,Expressway,3,High,Under Construction,Car,39,Female,1,2,0,Moderate,Distracted Driving,Unknown,Yes,50,72,km/h,Rain,73.8,F,0,5.4,Night,23,13,1693,Safdarjung,4.7,28.666834,77.161714
A01339,30/01/2025,12:24 PM,Thursday,Afternoon,Delhi,New Delhi,IGI Airport,Highway stretch,NH,3,High,Fair,Bicycle,35,Unknown,1,1,0,Minor,Overspeeding,Unknown,Unknown,60,96,km/h,thunderstorm,32.5,C,0,4.8,Daylight,11,13,1073,Fortis Vasant Kunj,2.5,28.573152,77.221316
A01340,2024-06-05,15:55:31,Wednesday,Afternoon,Delhi,New Delhi,Janakpuri,Highway stretch,NH,2,Medium,Under Construction,Auto-rickshaw,38,Male,1,0,0,Minor,Overspeeding,No,No,80,78,km/h,haze,24.1,C,0,4.2,Dusk,0,11,1368,RML,13.3,28.587882,77.251123
A01341,25/03/2023,2:23 PM,Saturday,Afternoon,Delhi,New Delhi,Lajpat Nagar,Market Area,NH,2,High,Under Construction,Truck,,Female,2,0,0,Minor,Alcohol Influence,Unknown,Yes,40,31,km/h,Haze,36.7,C,1.1,4.4,Dawn,18,7,689,LNJP,1.6,28.725476,77.232391
A01342,25/04/2023,14:34:34,Tuesday,Afternoon,Delhi,New Delhi,Rohini,Highway stretch,NH,4,Medium,Poor,Truck,43,Unknown,2,1,0,Minor,Bad Weather,Yes,No,80,108,km/h,Fog,29,C,1.7,5.9,Night,24,14,1006,AIIMS,5,28.669313,77.102924
A01343,2024-07-12,5:44 AM,Friday,Morning,Delhi,New Delhi,Vasant Kunj,School Zone,Urban,3,High,Fair,Auto-rickshaw,28,Female,3,1,0,Severe,Pedestrian Error,Yes,No,100,62.1,mph,Fog,40.9,C,1.3,6,Night,3,30,1565,Max Saket,7.6,28.441659,77.243103
A01344,21/12/2023,2:40 AM,Thursday,Night,Delhi,New Delhi,IGI Airport,Highway stretch,NH,2,High,Poor,Two-wheeler,18,Male,3,2,0,Moderate,Overspeeding,No,Unknown,100,132,km/h,Clear,23.3,C,0,3,Dawn,11,26,872,LNJP,2.7,28.556732,77.154104
A01345,2023-10-12,6:52:17,Thursday,Morning,Delhi,New Delhi,Okhla,Residential Area,NH,2,Low,Good,Truck,38,Other,4,1,0,Minor,,No,Unknown,80,85,km/h,Rain,34.1,C,0,5.2,Daylight,23,20,1083,Safdarjung,4.9,28.580172,77.252168
A01346,2023-03-26,8:44 PM,Sunday,Evening,Delhi,New Delhi,Saket,Highway stretch,NH,4,Medium,Fair,Car,56,Unknown,2,1,0,Moderate,Bad Weather,Unknown,Yes,50,61,km/h,Dust,28.6,C,5.8,2.2,Dusk,16,11,541,LNJP,8.7,28.619336,77.218968
A01347,21/07/2025,10:05 PM,Monday,Night,Delhi,New Delhi,Karol Bagh,Intersection,NH,3,Low,Poor,Truck,27,Male,2,1,0,Moderate,,Yes,Unknown,100,93,km/h,Thunderstorm,72.5,F,4.3,4.3,Dusk,26,8,1631,RML,9.7,28.558458,77.184751
A01348,19/09/2024,4:00 AM,Thursday,Night,Delhi,New Delhi,Okhla,Residential Area,Expressway,2,High,Fair,bicycle,,Other,2,2,0,Minor,Alcohol Influence,No,Yes,80,111,km/h,Thunderstorm,36.9,C,8.9,5,Dusk,9,25,1566,Apollo Sarita Vihar,6.5,28.580784,77.20307
A01349,26/06/2024,10:50 AM,Wednesday,Morning,Delhi,New Delhi,Karol Bagh,Market Area,Rural,4,Low,Fair,Car,49,Male,1,0,0,Minor,Reckless Overtaking,No,No,50,59,km/h,,71.8,F,0,8.7,Dusk,16,16,2396,LNJP,11.1,28.635263,77.253066
A01350,2025-05-21,7:01 PM,Wednesday,Evening,Delhi,New Delhi,Vasant Kunj,Near Signal,Urban,3,Low,Poor,Truck,29,Unknown,1,0,0,Fatal,Vehicle Failure,Yes,No,50,51,km/h,Clear,19.3,C,0,7.4,Night,21,7,958,RML,6.7,28.674017,77.250017
A01351,03/04/2024,2:46 PM,Wednesday,Afternoon,Delhi,New Delhi,Okhla,Near Signal,Rural,4,Medium,Poor,Bus,34,Other,1,2,0,Fatal,,Yes,No,50,59,km/h,Dust,25.6,C,0,5.8,Dawn,21,15,974,RML,5,28.651968,77.256696
A01352,2023-03-30,6:47:18,Thursday,Morning,Delhi,New Delhi,Dwarka,Near Signal,Expressway,2,High,Under Construction,Two-wheeler,24,Female,3,2,0,minor,Overspeeding,No,Unknown,40,39,km/h,Thunderstorm,24.8,C,0,7.3,Daylight,13,8,1232,AIIMS,6.4,28.557598,77.227248
A01353,2023-06-30,22:48:26,Friday,Night,Delhi,New Delhi,Vasant Kunj,Intersection,Rural,4,Medium,Good,Truck,35,Male,2,0,0,Minor,Overspeeding,Yes,Unknown,60,,km/h,Rain,42.5,C,4.9,9,night,4,14,1005,AIIMS,5,28.5671,77.226674
A01354,07/06/2023,10:36 PM,Wednesday,Night,Delhi,New Delhi,Lajpat Nagar,Residential Area,Expressway,1,Low,Under Construction,Bicycle,38,Male,1,3,0,Moderate,Alcohol Influence,Unknown,No,80,101,km/h,Clear,31.5,C,0,2.5,Dawn,15,1,414,AIIMS,3.7,28.60921,77.128746
A01355,2024-05-04,10:36 AM,Saturday,Morning,Delhi,New Delhi,Okhla,Market Area,Expressway,3,Medium,Fair,Auto-rickshaw,26,Male,1,2,0,Minor,Pedestrian Error,No,Yes,60,74,km/h,Haze,20.2,C,0,2.9,Night,17,27,501,RML,8,28.564002,77.280461
A01356,06/10/2023,7:03 AM,Friday,Morning,Delhi,New Delhi,Rohini,Intersection,Expressway,1,High,Under Construction,Bus,39,Unknown,1,,0,Minor,Vehicle Failure,Yes,Yes,100,96,km/h,Thunderstorm,32.4,C,0,8.5,Dusk,16,14,873,AIIMS,10.7,28.590828,77.133238
A01357,26/11/2023,5:00 AM,Sunday,Morning,Delhi,New Delhi,Janakpuri,School Zone,Rural,6,Low,Good,Bus,29,Unknown,1,1,0,Minor,,Unknown,Unknown,100,,km/h,,20.7,C,0,3.4,Night,13,15,0,Max Saket,6.7,28.5278,77.24082
A01358,17/03/2025,1:57 PM,Monday,Afternoon,Delhi,New Delhi,Rohini,Highway stretch,NH,3,Medium,Under Construction,Car,16,Unknown,4,0,0,Severe,Overspeeding,Yes,Unknown,100,73.9,mph,Fog,33,C,2.8,5.9,Dusk,3,5,914,Safdarjung,3.8,28.643913,77.196135
A01359,12/05/2023,10:32 AM,Friday,Morning,Delhi,New Delhi,Chandni Chowk,Near Signal,Urban,6,Medium,Poor,Auto-rickshaw,38,Male,1,1,0,Moderate,Overspeeding,Yes,Yes,40,,km/h,,70.9,F,0,4.4,Daylight,4,21,692,AIIMS,,28.542412,77.174568
A01360,2024-02-21,6:44 PM,Wednesday,Evening,Delhi,New Delhi,Okhla,School Zone,SH,2,High,Under Construction,Car,38,Unknown,2,1,0,Moderate,Pedestrian Error,Unknown,Yes,100,97,km/h,Fog,,C,0,5.7,Night,14,28,788,Safdarjung,4.2,28.616742,77.245671
A01361,10/06/2025,20:07:05,Tuesday,Evening,Delhi,New Delhi,Lajpat Nagar,Near Signal,Rural,4,Low,Poor,bus,,Male,1,0,0,Severe,Overspeeding,Unknown,Unknown,60,43.5,mph,,87.6,F,0,3,Dawn,24,14,1563,Apollo Sarita Vihar,8.9,28.603992,77.177176