accident_id,date,time,day_of_week,time_of_day,state,city,area,location_type,road_type,lanes,traffic_volume,road_condition,vehicle_type,driver_age,driver_gender,persons_involved,injuries,fatalities,severity,cause_primary,alcohol_involved,seatbelt_helmet_used,speed_limit,reported_speed,speed_unit,weather_main,temperature,temp_unit,precipitation_mm,visibility_km,light_conditions,police_response_time_min,ambulance_time_min,fines_issued_inr,nearest_hospital,hospital_distance_km,latitude,longitude
A01362,2023-08-03,8:26 AM,Thursday,Morning,Delhi,New Delhi,AIIMS,School Zone,NH,4,High,Good,Truck,,Unknown,2,,0,Moderate,Overspeeding,Unknown,Yes,80,90,km/h,Thunderstorm,24.2,C,0,2.5,Dusk,18,17,2262,Fortis Vasant Kunj,6.4,28.510901,77.100072
A01363,23/08/2024,2:04 AM,Friday,Night,Delhi,New Delhi,Okhla,Market Area,Expressway,1,Low,Poor,Car,35,Male,2,,0,Minor,Pedestrian Error,Unknown,No,60,57,km/h,Rain,21,C,2,8,Dawn,21,10,1244,Max Saket,10.6,28.574493,77.149345
A01364,2025-01-22,1:48:50,Wednesday,Night,Delhi,New Delhi,Saket,Residential Area,Expressway,1,Medium,Under Construction,Two-wheeler,49,Other,1,0,0,Minor,Reckless Overtaking,No,Unknown,100,116,km/h,Thunderstorm,,C,4.2,3.9,Daylight,8,24,1624,AIIMS,11.4,28.614364,77.280177
A01365,20/09/2024,11:54 PM,Friday,Night,Delhi,New Delhi,Connaught Place,Highway stretch,SH,4,High,Good,Car,43,Male,1,1,0,Minor,Distracted Driving,Yes,Unknown,100,,km/h,Thunderstorm,12.2,C,0,6.3,Dawn,12,18,431,Fortis Vasant Kunj,4.4,28.698872,77.162108
A01366,2024-08-04,13:12:35,Sunday,Afternoon,Delhi,New Delhi,Janakpuri,Residential Area,SH,4,Medium,Good,Truck,20,Unknown,2,1,0,Minor,Bad Weather,Yes,No,40,34,km/h,Thunderstorm,24.2,C,0,4.7,Daylight,12,10,1166,LNJP,4.9,28.511957,77.164621
A01367,05/08/2023,3:26 PM,Saturday,Afternoon,Delhi,New Delhi,Okhla,School Zone,NH,3,Low,Under Construction,Auto-rickshaw,45,Male,1,3,0,Moderate,Alcohol Influence,No,No,50,82,km/h,Clear,80.6,F,0,2.4,Daylight,14,11,1531,Safdarjung,9.6,28.676978,77.220181
A01368,2025-04-10,12:53:58,Thursday,Afternoon,Delhi,New Delhi,Connaught Place,School Zone,SH,3,Medium,Under Construction,Two-wheeler,44,Unknown,6,0,0,Minor,Pedestrian Error,No,No,40,71,km/h,Rain,34.3,C,0,6.5,Dawn,18,32,723,AIIMS,6.6,28.612295,77.142346
A01369,30/07/2025,22:11:01,Wednesday,Night,Delhi,New Delhi,Connaught Place,Near Signal,Expressway,3,Medium,Under Construction,Car,21,Female,1,0,0,Minor,Distracted Driving,Yes,No,80,80,km/h,Dust,33.2,C,3.2,3.1,Dawn,14,20,902,Safdarjung,3.2,28.698315,77.232707
A01370,08/06/2025,12:24 AM,Sunday,Night,Delhi,New Delhi,Janakpuri,Near Signal,Expressway,1,High,Good,Truck,40,Other,1,0,0,Minor,distracted driving,Unknown,Yes,50,29.8,mph,Rain,21.6,C,0,4.6,Dusk,16,18,1569,AIIMS,8.9,28.663163,77.202038
A01371,05/01/2023,10:18:54,Thursday,Morning,Delhi,New Delhi,Okhla,School Zone,Expressway,6,Medium,Good,Auto-rickshaw,34,Unknown,1,0,0,Moderate,Reckless Overtaking,No,Unknown,50,64,km/h,Haze,33.9,C,0,3.4,Dusk,7,7,478,LNJP,7.1,28.524035,77.111341
A01372,30/12/2024,1:15 PM,Monday,Afternoon,Delhi,New Delhi,Vasant Kunj,School Zone,Urban,1,High,Under Construction,Car,21,Other,5,2,0,Minor,Distracted Driving,Yes,Unknown,100,108,km/h,Fog,20.6,C,3.3,2.5,Dusk,6,22,1105,Apollo Sarita Vihar,5,28.596586,77.207976
A01373,21/05/2023,6:04 AM,Sunday,Morning,Delhi,New Delhi,AIIMS,Intersection,SH,3,High,Good,Bus,,Female,2,0,0,Severe,Distracted Driving,Unknown,Unknown,80,60,km/h,Dust,,C,0,5.1,Daylight,20,27,1169,Apollo Sarita Vihar,5.9,28.630971,77.245737
A01374,2024-06-06,3:57 PM,Thursday,Afternoon,Delhi,New Delhi,Okhla,Market Area,Expressway,3,Low,Good,Bicycle,,Female,3,0,0,Moderate,Overspeeding,No,Yes,40,68,km/h,Haze,28.1,C,0,3.5,Daylight,16,11,1592,Fortis Vasant Kunj,4.1,28.578035,77.198187
A01375,2025-05-21,14:39:33,Wednesday,Afternoon,Delhi,New Delhi,Janakpuri,Intersection,Rural,2,High,Good,Truck,32,Female,2,1,0,Minor,Vehicle Failure,Yes,Yes,40,56,km/h,Dust,28.6,C,0,4.1,Daylight,14,15,508,AIIMS,3.2,28.659267,77.120442
A01376,15/01/2023,7:48 PM,Sunday,Evening,Delhi,New Delhi,Dwarka,Highway stretch,Expressway,3,Medium,Good,Two-wheeler,38,Unknown,1,4,0,moderate,Overspeeding,No,Unknown,40,46,km/h,Haze,24.6,C,8.7,8.6,Dusk,18,31,2099,Max Saket,1.4,28.650571,77.167713
A01377,2023-04-02,4:18 AM,Sunday,Night,Delhi,New Delhi,Vasant Kunj,Residential Area,Urban,3,Medium,Fair,Auto-rickshaw,16,Female,1,0,0,Minor,Vehicle Failure,Unknown,Unknown,50,53,km/h,,24.2,C,0,8.4,Daylight,9,29,2420,Safdarjung,3.3,28.5795,77.171434
A01378,2025-05-12,0:40:35,Monday,Night,Delhi,New Delhi,AIIMS,Near Signal,Rural,2,High,Good,Two-wheeler,30,Male,1,0,0,Minor,Distracted Driving,No,Unknown,100,119,km/h,Clear,73.6,F,0,5.8,Dusk,7,28,926,RML,5.6,28.619176,77.177145
A01379,2025-05-04,6:15 AM,Sunday,Morning,Delhi,New Delhi,Connaught Place,Near Signal,SH,2,Medium,Under Construction,Bus,59,Unknown,4,1,0,Minor,Distracted Driving,Yes,Yes,100,129,km/h,,25.3,C,7.2,2,Dawn,11,14,323,Max Saket,3.6,28.667365,77.309326
A01380,14/03/2023,19:28:38,Tuesday,Evening,Delhi,New Delhi,AIIMS,Highway stretch,SH,4,High,Good,Car,39,Other,5,1,0,Minor,Reckless Overtaking,No,No,100,108,km/h,Clear,22.3,C,6,5.6,Daylight,21,25,912,LNJP,5.3,28.575108,77.163205
A01381,2025-02-10,8:32:37,Monday,Morning,Delhi,New Delhi,Connaught Place,Market Area,Expressway,2,Medium,Good,Truck,21,Unknown,1,2,0,Minor,Bad Weather,Yes,Unknown,40,,km/h,Dust,23.2,C,2.2,4.2,Dawn,20,29,795,Safdarjung,12.4,28.694247,77.149889
A01382,2024-06-11,3:41 PM,Tuesday,Afternoon,Delhi,New Delhi,Connaught Place,Residential Area,Urban,4,Medium,Under Construction,Bicycle,35,Other,3,0,0,Minor,Pedestrian Error,Unknown,No,50,57,km/h,Fog,26.2,C,0,6.2,Daylight,5,11,458,Fortis Vasant Kunj,6.8,28.542558,77.23252
A01383,2024-07-25,4:08:38,Thursday,Night,Delhi,New Delhi,Karol Bagh,Near Signal,Rural,2,Low,Good,Bus,45,Other,3,0,0,Moderate,Alcohol Influence,Unknown,Yes,40,49,km/h,haze,24.1,C,1.1,3.5,Dusk,12,15,1105,Apollo Sarita Vihar,,28.612186,77.233208
A01384,2023-11-24,12:21:05,Friday,Afternoon,Delhi,New Delhi,Janakpuri,Near Signal,Expressway,2,Medium,Fair,Auto-rickshaw,16,Other,1,2,0,Minor,Distracted Driving,No,Yes,50,81,km/h,Rain,31.3,C,0,8.3,Dusk,15,11,779,Apollo Sarita Vihar,5.6,28.547168,77.178445
A01385,2024-12-04,1:42 PM,Wednesday,Afternoon,Delhi,New Delhi,IGI Airport,School Zone,Urban,4,High,Under Construction,bus,34,Unknown,4,2,0,Severe,Pedestrian Error,Yes,Unknown,60,33.6,mph,Clear,35.2,C,0,8.5,Dawn,12,17,669,Safdarjung,1,28.598413,77.2853
A01386,2024-12-30,3:02 PM,Monday,Afternoon,Delhi,New Delhi,Connaught Place,Intersection,Rural,3,High,Good,Car,43,Male,5,0,0,Minor,Overspeeding,Unknown,No,100,119,km/h,Dust,20.1,C,0,4,Dusk,14,17,991,Max Saket,1.7,28.620256,77.160603
A01387,2024-12-15,5:41:04,Sunday,Morning,Delhi,New Delhi,IGI Airport,Intersection,SH,2,High,Under Construction,Bus,39,Male,1,0,0,Moderate,Pedestrian Error,Yes,Yes,40,36,km/h,Rain,26.5,C,0,6.1,Dusk,16,22,42,Fortis Vasant Kunj,3.4,28.630325,77.120555
A01388,2024-12-07,3:28:55,Saturday,Night,Delhi,New Delhi,Okhla,Intersection,Rural,2,High,Under Construction,Truck,35,Female,2,0,0,Minor,Overspeeding,Unknown,No,80,88,km/h,Clear,20.5,C,0,2.8,Daylight,20,26,847,Fortis Vasant Kunj,4.2,28.702948,77.214733
A01389,22/01/2025,23:05:53,Wednesday,Night,Delhi,New Delhi,Connaught Place,School Zone,Urban,4,High,Under Construction,Truck,23,Other,1,1,0,Minor,,Unknown,Unknown,40,43,km/h,Rain,26.9,C,0,2.7,Dawn,6,23,1598,Max Saket,0.5,28.510027,77.22993
A01390,2024-08-27,9:58:43,Tuesday,Morning,Delhi,New Delhi,Vasant Kunj,Residential Area,Rural,3,High,Under Construction,Auto-rickshaw,17,Female,2,,0,Moderate,Overspeeding,Unknown,Unknown,80,89,km/h,Haze,26.9,C,0,6.9,Dusk,17,28,1120,Safdarjung,,28.615232,77.251633
A01391,2025-04-26,3:07 PM,Saturday,Afternoon,Delhi,New Delhi,Rohini,Near Signal,SH,3,Medium,Under Construction,Bicycle,21,Other,4,0,0,Moderate,Pedestrian Error,Yes,No,40,19.9,mph,Clear,29.5,C,2.6,5.3,Night,1,9,483,Apollo Sarita Vihar,6.1,28.583852,77.267809
A01392,09/05/2023,4:39:57,Tuesday,Night,Delhi,New Delhi,Connaught Place,Residential Area,NH,3,High,Good,Truck,21,Unknown,1,1,0,Moderate,Pedestrian Error,Yes,Yes,60,60,km/h,,37.4,C,0,5.4,Night,29,21,1536,AIIMS,9.3,28.626943,77.213655
A01393,29/03/2023,11:38 PM,Wednesday,Night,Delhi,New Delhi,Rohini,Near Signal,SH,3,Medium,Under Construction,Truck,17,Male,1,2,0,Minor,Pedestrian Error,Yes,Unknown,80,95,km/h,Clear,,C,12.7,2.2,Daylight,24,1,914,AIIMS,5.5,28.653156,77.203078
A01394,05/03/2025,16:03:16,Wednesday,Afternoon,Delhi,New Delhi,Vasant Kunj,Intersection,SH,2,Medium,Good,Auto-rickshaw,30,Unknown,4,1,0,Severe,Pedestrian Error,Yes,No,60,46,km/h,Haze,,C,2.3,2.9,Night,5,11,844,Safdarjung,3.9,28.642682,77.201566
A01395,2024-02-29,5:13 PM,Thursday,Evening,Delhi,New Delhi,AIIMS,Residential Area,Expressway,2,Medium,Good,Truck,44,Unknown,2,0,0,Moderate,Pedestrian Error,No,Unknown,50,63,km/h,Fog,33.1,C,0,6.2,Dawn,8,14,582,AIIMS,2.5,28.656856,77.132483
A01396,2023-12-31,10:37:12,Sunday,Morning,Delhi,New Delhi,IGI Airport,Residential Area,Expressway,1,Low,Good,Bus,67,Female,1,1,0,Severe,Vehicle Failure,No,Unknown,60,45,km/h,Dust,79.2,F,0,5.1,Night,20,18,1442,Fortis Vasant Kunj,1.2,28.617316,77.170313
A01397,21/11/2024,2:00:06,Thursday,Night,Delhi,New Delhi,IGI Airport,Market Area,NH,3,Low,Fair,Bicycle,28,Other,2,2,0,Minor,Pedestrian Error,Yes,Yes,100,135,km/h,Thunderstorm,19.1,C,0,4.5,Night,19,13,801,AIIMS,7.3,28.540507,77.262075
A01398,29/01/2025,10:52 AM,Wednesday,Morning,Delhi,New Delhi,Rohini,Market Area,Urban,2,Medium,Poor,Bus,17,Unknown,2,0,0,Minor,Reckless Overtaking,Unknown,Unknown,100,,km/h,Rain,,C,5,5.6,Dusk,6,21,802,Max Saket,2.9,28.623373,77.21197
A01399,14/01/2024,1:06:30,Sunday,Night,Delhi,New Delhi,Karol Bagh,Highway stretch,Urban,4,High,Good,Two-wheeler,35,Female,6,0,0,Minor,Reckless Overtaking,Unknown,Yes,100,131,km/h,Dust,25.1,C,0,8.5,Night,18,9,588,Apollo Sarita Vihar,2.5,28.593543,77.142047
A01400,2025-05-05,14:54:30,Monday,Afternoon,Delhi,New Delhi,Lajpat Nagar,Market Area,SH,4,Low,Good,Auto-rickshaw,41,Other,1,1,0,Minor,Overspeeding,Yes,Yes,100,123,km/h,Rain,28.9,C,1.5,4.2,Dusk,6,15,613,Fortis Vasant Kunj,3.8,28.5908,77.147509
A01401,18/02/2023,3:48 AM,Saturday,Night,Delhi,New Delhi,Dwarka,Intersection,SH,3,High,Good,Bicycle,25,Other,2,1,0,Minor,Overspeeding,Unknown,Unknown,80,42.9,mph,Clear,22.1,C,7.5,3.8,Daylight,5,14,2033,Safdarjung,0.9,28.633018,77.266801
A01402,2023-11-16,21:54:36,Thursday,Night,Delhi,New Delhi,Rohini,Highway stretch,Expressway,3,High,Fair,Bus,27,Female,3,0,0,Fatal,Vehicle Failure,Unknown,Unknown,100,104,km/h,Clear,19.7,C,0,6.7,Daylight,14,24,1105,AIIMS,6.6,28.557533,77.203487
A01403,13/02/2025,12:59:32,Thursday,Afternoon,Delhi,New Delhi,Saket,Highway stretch,Rural,3,Medium,Fair,Two-wheeler,62,Unknown,1,4,0,Minor,Overspeeding,Unknown,No,40,74,km/h,Rain,,C,6.8,5.1,Dawn,17,13,1160,Safdarjung,4.9,28.676696,77.153447
A01404,2025-04-20,12:54:58,Sunday,Afternoon,Delhi,New Delhi,Janakpuri,Intersection,Urban,4,Medium,Good,Truck,24,Female,1,1,0,Moderate,Alcohol Influence,Yes,Yes,80,70.8,mph,Dust,23.6,C,2.2,3.1,Night,10,20,497,Max Saket,2.6,28.542596,77.213614
A01405,2023-07-20,12:01:22,Thursday,Afternoon,Delhi,New Delhi,IGI Airport,Near Signal,Rural,2,Low,Fair,Bicycle,28,Male,1,1,0,Moderate,Overspeeding,Yes,Unknown,40,48,km/h,Haze,21,C,0,3.7,Dusk,17,13,667,RML,5.5,28.617091,77.201345
A01406,2023-07-23,19:16:46,Sunday,Evening,Delhi,New Delhi,Janakpuri,School Zone,NH,2,Low,Under Construction,truck,23,Unknown,1,1,0,Minor,Bad Weather,Unknown,Yes,50,77,km/h,Haze,27.1,C,0,6.4,Night,11,14,422,Apollo Sarita Vihar,2.5,28.593304,77.237595
A01407,2025-03-30,20:13:35,Sunday,Evening,Delhi,New Delhi,AIIMS,School Zone,Rural,6,High,Fair,Auto-rickshaw,23,Male,1,2,0,Severe,Alcohol Influence,Unknown,No,40,47.2,mph,,18.6,C,1.3,8.9,dawn,7,21,2032,RML,,28.650639,77.206823
A01408,25/05/2024,20:02:57,Saturday,Evening,Delhi,New Delhi,Vasant Kunj,Residential Area,Rural,3,Low,Good,Two-wheeler,28,Female,1,,0,Moderate,Pedestrian Error,Yes,Unknown,60,64,km/h,Fog,28.5,C,0,5.6,Dawn,21,15,1431,Safdarjung,8.2,28.647558,77.323465
A01409,2025-06-20,4:05:45,Friday,Night,Delhi,New Delhi,Connaught Place,Highway stretch,Rural,3,High,Fair,Car,19,Unknown,1,2,0,Fatal,Bad Weather,Unknown,No,50,75,km/h,clear,70.9,F,0,6.1,Dusk,13,14,598,Max Saket,7.2,28.596914,77.165098
A01410,18/05/2023,11:10 AM,Thursday,Morning,Delhi,New Delhi,Vasant Kunj,Residential Area,Expressway,2,Low,Poor,Bicycle,34,Other,4,,0,Moderate,Pedestrian Error,Unknown,Yes,100,83,km/h,Dust,95.5,F,0,6.5,Dawn,11,26,1197,Apollo Sarita Vihar,3.5,28.544018,77.267413
A01411,22/04/2024,17:15:29,Monday,Evening,Delhi,New Delhi,Dwarka,Near Signal,SH,3,High,Fair,Bus,29,Female,1,3,0,Minor,Overspeeding,No,No,40,44,km/h,Haze,22.7,C,0,4.9,Night,20,16,137,Safdarjung,5.2,28.561261,77.194065
A01412,2023-12-07,3:17 PM,Thursday,Afternoon,Delhi,New Delhi,IGI Airport,Highway stretch,NH,1,Low,Under Construction,Two-wheeler,26,Unknown,2,0,0,Minor,Distracted Driving,Yes,Yes,100,69.6,mph,Rain,33.3,C,0,7.6,Daylight,10,23,1456,Safdarjung,6,28.597664,77.166975
A01413,17/06/2024,8:27 PM,Monday,Evening,Delhi,New Delhi,Connaught Place,Market Area,NH,3,Medium,Good,Auto-rickshaw,,Female,3,1,0,Severe,Overspeeding,Yes,Yes,60,60,km/h,Haze,22.7,C,0,3.7,Night,16,10,0,Safdarjung,5.9,28.692362,77.29701
A01414,06/12/2024,9:16:34,Friday,Morning,Delhi,New Delhi,Janakpuri,School Zone,Urban,3,Medium,Fair,Truck,45,Unknown,1,1,0,Minor,Distracted Driving,No,Unknown,100,108,km/h,Clear,39.5,C,0,4.4,Dusk,11,23,2646,AIIMS,4.7,28.699368,77.147799
A01415,06/05/2025,14:33:11,Tuesday,Afternoon,Delhi,New Delhi,Dwarka,Highway stretch,Urban,2,Low,Good,Car,61,Unknown,1,0,0,Minor,Alcohol Influence,No,Unknown,40,36,km/h,Haze,26.9,C,3.9,5,Dawn,17,27,1774,LNJP,4.4,28.595794,77.181462
A01416,2023-04-13,7:11:35,Thursday,Morning,Delhi,New Delhi,Connaught Place,Near Signal,Expressway,3,High,Fair,Two-wheeler,38,Unknown,2,1,0,Minor,Reckless Overtaking,Unknown,Yes,50,52,km/h,Thunderstorm,18,C,0,4.3,Night,17,23,193,RML,9.7,28.538204,77.266626
A01417,12/01/2025,23:28:44,Sunday,Night,Delhi,New Delhi,Lajpat Nagar,Near Signal,Urban,2,Medium,Fair,Two-wheeler,,Male,2,3,0,Minor,Distracted Driving,Yes,No,100,124,km/h,Clear,20.7,C,0,5.9,Daylight,10,30,0,AIIMS,3.6,28.555009,77.255801
A01418,2023-12-05,5:15:59,Tuesday,Morning,Delhi,New Delhi,Connaught Place,Near Signal,Expressway,3,High,Poor,Bicycle,26,Unknown,1,2,0,Minor,Bad Weather,No,Unknown,60,92,km/h,Clear,,C,0,8.9,Night,9,17,613,LNJP,6.7,28.611421,77.263143
A01419,20/10/2023,9:14:39,Friday,Morning,Delhi,New Delhi,Saket,School Zone,Expressway,4,High,Poor,Truck,50,Male,2,2,0,Severe,Alcohol Influence,Yes,Unknown,100,107,km/h,haze,86.4,F,6.2,6.5,dawn,16,24,317,Max Saket,7.8,28.619005,77.05591
A01420,25/01/2023,7:08:13,Wednesday,Morning,Delhi,New Delhi,Connaught Place,Near Signal,Urban,3,Low,Under Construction,Auto-rickshaw,31,Male,4,2,0,Minor,Vehicle Failure,Unknown,No,80,81,km/h,Dust,35.9,C,0,7.8,Daylight,12,29,769,AIIMS,,28.607679,77.189889
A01421,19/08/2025,5:15:05,Tuesday,Morning,Delhi,New Delhi,Saket,Residential Area,SH,4,Medium,Under Construction,Bicycle,42,Male,1,0,0,Minor,Vehicle Failure,No,Yes,60,78,km/h,Clear,21.2,C,8.5,4.9,Dawn,13,10,771,Safdarjung,0.4,28.61362,77.195208
A01422,16/12/2024,1:38:59,Monday,Night,Delhi,New Delhi,Lajpat Nagar,Residential Area,Expressway,4,Low,Poor,Bicycle,16,Unknown,2,1,,Severe,Bad Weather,Yes,Yes,60,83,km/h,Dust,19.4,C,3,3.3,Dawn,28,13,1229,Fortis Vasant Kunj,4.6,28.602545,77.253115
A01423,2024-01-06,6:17 AM,Saturday,Morning,Delhi,New Delhi,Chandni Chowk,Market Area,SH,2,Medium,Poor,Auto-rickshaw,26,Male,2,1,0,Moderate,Alcohol Influence,Unknown,Yes,100,148,km/h,Fog,32,C,0,7.6,Dawn,14,20,940,Safdarjung,6.9,28.760628,77.236023
A01424,04/07/2025,7:36:50,Friday,Morning,Delhi,New Delhi,Connaught Place,School Zone,NH,2,Medium,Under Construction,Bus,26,Other,1,0,,Minor,Overspeeding,Yes,Yes,100,100,km/h,Rain,25.3,C,3,6.4,Daylight,28,20,547,AIIMS,9.3,28.51554,77.225209
A01425,2024-11-07,16:41:47,Thursday,Afternoon,Delhi,New Delhi,Karol Bagh,Market Area,NH,4,High,Good,Truck,39,Male,2,3,0,Minor,Overspeeding,Unknown,No,80,125,km/h,Thunderstorm,34.2,C,3.1,8.9,Dusk,14,18,1551,Fortis Vasant Kunj,6.1,28.661502,77.123147
A01426,2025-06-23,6:14 PM,Monday,Evening,Delhi,New Delhi,Saket,School Zone,Urban,4,Low,Fair,Auto-rickshaw,16,Male,1,1,0,Severe,Reckless Overtaking,No,Unknown,60,87,km/h,Haze,24.2,C,0,4.3,Night,14,12,749,Fortis Vasant Kunj,8.5,28.725147,77.291099
A01427,2023-05-14,4:31 AM,Sunday,Night,Delhi,New Delhi,AIIMS,Residential Area,Expressway,4,Medium,Under Construction,Two-wheeler,19,Female,1,0,0,Minor,Bad Weather,Unknown,Unknown,100,54.1,mph,,,C,1.1,3.6,Daylight,15,23,1751,Safdarjung,7.2,28.457578,77.245941
A01428,2023-04-13,16:58:53,Thursday,Afternoon,Delhi,New Delhi,Janakpuri,Intersection,Urban,1,High,Fair,Two-wheeler,,Unknown,2,2,0,Minor,Alcohol Influence,Yes,No,50,,km/h,Thunderstorm,27,C,0,6,Daylight,13,14,1230,Fortis Vasant Kunj,2.7,28.581515,77.219707
A01429,2024-09-09,6:26 PM,Monday,Evening,Delhi,New Delhi,Connaught Place,Market Area,Rural,4,High,Under Construction,Two-wheeler,34,Unknown,3,,0,Minor,Reckless Overtaking,Yes,Yes,80,65.2,mph,Thunderstorm,,C,0,1.7,Night,4,15,395,Fortis Vasant Kunj,4.1,28.618884,77.168686
A01430,03/11/2024,1:27 AM,Sunday,Night,Delhi,New Delhi,IGI Airport,Highway stretch,Urban,4,High,Poor,Bus,25,Other,3,1,0,Minor,Distracted Driving,No,Yes,50,57,km/h,Fog,40.6,C,9.9,2.8,Dawn,12,16,471,Apollo Sarita Vihar,0.5,28.569429,77.196603
A01431,22/07/2024,3:30:03,Monday,Night,Delhi,New Delhi,Karol Bagh,Near Signal,SH,4,Low,Under Construction,Truck,33,Unknown,1,1,0,Moderate,Bad Weather,Yes,Unknown,50,72,km/h,Dust,21.6,C,0,1.7,Dusk,16,6,1165,RML,6.1,28.628974,77.191637
A01432,2023-03-25,0:00:06,Saturday,Night,Delhi,New Delhi,Janakpuri,Intersection,Expressway,4,Medium,Fair,Bus,32,Other,1,1,0,Minor,Distracted Driving,No,No,100,110,km/h,Haze,22.1,C,5.6,2.2,Daylight,14,12,234,AIIMS,0.9,28.659956,77.202943
A01433,2025-03-08,4:45:49,Saturday,Night,Delhi,New Delhi,AIIMS,School Zone,SH,3,Medium,Poor,Two-wheeler,26,Unknown,1,1,0,Minor,Bad Weather,Yes,Yes,50,47.8,mph,Thunderstorm,32.8,C,0,7.3,Dusk,16,26,1577,Safdarjung,3,28.642139,77.208401
A01434,13/09/2023,13:13:53,Wednesday,Afternoon,Delhi,New Delhi,IGI Airport,Intersection,Rural,6,High,Under Construction,Bus,29,Other,4,1,0,Severe,Pedestrian Error,Yes,Unknown,100,151,km/h,Thunderstorm,78.3,F,0,5.3,Daylight,32,14,1015,LNJP,3.8,28.532979,77.203539
A01435,03/06/2023,4:34:21,Saturday,Night,Delhi,New Delhi,Chandni Chowk,Intersection,Urban,2,High,Good,Bus,27,Male,4,0,1,Severe,Alcohol Influence,Yes,No,50,59,km/h,Haze,26,C,6.7,5.1,Dawn,16,22,1126,LNJP,3.7,28.635472,77.1731
A01436,30/08/2023,9:38:12,Wednesday,Morning,Delhi,New Delhi,Okhla,Market Area,SH,1,Low,Poor,Auto-rickshaw,16,Female,1,3,0,Moderate,Overspeeding,No,No,50,56,km/h,rain,15.2,C,0,4.4,Night,18,23,455,LNJP,6.9,28.549103,77.085323
A01437,2024-02-16,23:17:54,Friday,Night,Delhi,New Delhi,Vasant Kunj,Market Area,NH,4,High,Fair,Car,26,Male,3,0,0,minor,Reckless Overtaking,No,No,60,60,km/h,Haze,38.3,C,9.3,5.3,Dawn,11,1,1348,Apollo Sarita Vihar,6.4,28.626431,77.158847
A01438,2023-03-06,2:22 AM,Monday,Night,Delhi,New Delhi,Chandni Chowk,Near Signal,Expressway,6,Low,Fair,Car,22,Other,2,0,0,Minor,Distracted Driving,Yes,Yes,50,34.8,mph,Fog,27.4,C,4.6,2.7,Dawn,20,23,797,Apollo Sarita Vihar,6.9,28.596482,77.176819
A01439,17/12/2023,5:02 PM,Sunday,Evening,Delhi,New Delhi,IGI Airport,School Zone,Urban,6,High,Poor,Bus,25,Male,3,0,0,Moderate,Distracted Driving,No,Yes,50,55,km/h,Rain,27.9,C,4.8,1.3,Dawn,15,23,1611,Apollo Sarita Vihar,11.1,28.668323,77.285626
A01440,27/02/2023,6:43:01,Monday,Morning,Delhi,New Delhi,IGI Airport,Near Signal,SH,3,High,Poor,Bicycle,21,Male,2,1,0,minor,Pedestrian Error,Unknown,Unknown,80,,km/h,Clear,,C,0,0.3,Daylight,17,10,756,Apollo Sarita Vihar,5.1,28.712334,77.150322
A01441,31/08/2024,2:00:11,Saturday,Night,Delhi,New Delhi,Janakpuri,School Zone,Urban,3,Medium,Good,Car,31,Unknown,5,2,0,Moderate,Distracted Driving,Yes,No,50,78,km/h,Clear,9,C,0,3.2,Dawn,7,13,1348,RML,0.2,28.492042,77.11689
A01442,16/07/2024,19:11:41,Tuesday,Evening,Delhi,New Delhi,Dwarka,Market Area,Rural,2,High,Poor,Bicycle,26,Female,2,1,0,Moderate,Reckless Overtaking,Yes,No,80,77,km/h,Haze,17.6,C,0,8.6,Dawn,10,12,1106,LNJP,10,28.617279,77.304972
A01443,2024-01-19,10:55:21,Friday,Morning,Delhi,New Delhi,Saket,School Zone,Rural,2,High,Poor,Truck,49,Female,5,1,0,Fatal,Bad Weather,No,Yes,40,53,km/h,,28.2,C,2.2,3.6,Dawn,13,15,502,AIIMS,3.9,28.573196,77.308312
A01444,18/04/2023,2:53:05,Tuesday,Night,Delhi,New Delhi,Janakpuri,Market Area,Urban,2,Low,Poor,Bus,,Unknown,1,2,0,Minor,Reckless Overtaking,Yes,Unknown,50,42,km/h,Thunderstorm,,C,2.3,2.7,Daylight,11,21,1086,LNJP,5.1,28.661165,77.208682
A01445,26/09/2024,19:44:08,Thursday,Evening,Delhi,New Delhi,IGI Airport,Near Signal,Urban,4,Medium,Under Construction,Bicycle,32,Other,1,1,0,Minor,Pedestrian Error,No,Unknown,40,66,km/h,Haze,29.1,C,0,7.5,Daylight,30,8,868,LNJP,5.8,28.599906,77.23359