accident_id,date,time,day_of_week,time_of_day,state,city,area,location_type,road_type,lanes,traffic_volume,road_condition,vehicle_type,driver_age,driver_gender,persons_involved,injuries,fatalities,severity,cause_primary,alcohol_involved,seatbelt_helmet_used,speed_limit,reported_speed,speed_unit,weather_main,temperature,temp_unit,precipitation_mm,visibility_km,light_conditions,police_response_time_min,ambulance_time_min,fines_issued_inr,nearest_hospital,hospital_distance_km,latitude,longitude
A01616,2025-08-04,4:54:52,Monday,Night,Delhi,New Delhi,Vasant Kunj,Market Area,NH,2,High,Under Construction,Truck,29,Other,2,1,0,Moderate,Distracted Driving,Unknown,No,80,107,km/h,Thunderstorm,97.7,F,6.7,2.7,Dusk,6,14,900,AIIMS,6.8,28.607022,77.20163
A01617,20/03/2024,8:32 AM,Wednesday,Morning,Delhi,New Delhi,Lajpat Nagar,Residential Area,Expressway,3,High,Poor,Car,16,Male,3,1,0,Severe,Bad Weather,Unknown,Yes,80,86,km/h,Rain,34.5,C,1.8,5.2,Night,16,22,700,LNJP,5.2,28.665397,77.174652
A01618,20/05/2023,4:05:10,Saturday,Night,Delhi,New Delhi,Vasant Kunj,Residential Area,NH,1,High,Good,Truck,50,Unknown,1,0,0,Minor,Pedestrian Error,No,No,40,31.7,mph,Dust,13.5,C,0,0.8,Night,0,40,743,Safdarjung,7.1,28.563345,77.231538
A01619,01/02/2025,9:58 AM,Saturday,Morning,Delhi,New Delhi,IGI Airport,School Zone,NH,3,Low,Under Construction,truck,55,Unknown,1,4,0,Moderate,Bad Weather,Unknown,No,60,37.3,mph,Dust,34.7,C,0,8.8,Dawn,16,33,2045,RML,10.3,28.661775,77.237889
A01620,2023-06-26,1:55 AM,Monday,Night,Delhi,New Delhi,Dwarka,Near Signal,Urban,4,Medium,Fair,Truck,44,Male,1,1,0,Minor,Pedestrian Error,Unknown,Yes,50,61,km/h,Dust,12.9,C,0,9.3,Daylight,17,17,986,Safdarjung,0.4,28.485337,77.135195
A01621,19/03/2023,18:41:52,Sunday,Evening,Delhi,New Delhi,Rohini,Intersection,NH,2,Medium,Poor,Bus,40,Male,2,1,0,Severe,Pedestrian Error,No,No,60,45,km/h,Haze,,C,1.2,5.2,Dusk,11,26,710,Safdarjung,0,28.528837,77.146973
A01622,31/12/2023,9:15 PM,Sunday,Night,Delhi,New Delhi,IGI Airport,Intersection,Expressway,2,High,Poor,Auto-rickshaw,52,Male,1,1,0,Severe,Reckless Overtaking,Unknown,No,60,53,km/h,Clear,31.2,C,5.6,0.6,Night,5,25,491,Apollo Sarita Vihar,3.2,28.601078,77.228033
A01623,01/01/2023,4:27 AM,Sunday,Night,Delhi,New Delhi,Connaught Place,Intersection,Urban,3,High,Fair,Car,18,Unknown,1,2,0,Minor,,No,Unknown,100,124,km/h,Fog,21.4,C,0,4.6,Dawn,14,17,1220,AIIMS,,28.585296,77.0487
A01624,31/01/2023,8:59 AM,Tuesday,Morning,Delhi,New Delhi,Connaught Place,Near Signal,Rural,3,Medium,Poor,Two-wheeler,52,Other,1,0,0,Minor,Reckless Overtaking,Unknown,Unknown,100,128,km/h,Rain,38,C,0.2,5.2,Dawn,21,12,1644,LNJP,5.6,28.588566,77.177332
A01625,2025-08-28,7:39 AM,Thursday,Morning,Delhi,New Delhi,Rohini,School Zone,Expressway,6,Medium,Fair,Truck,29,Male,5,0,0,Minor,Pedestrian Error,Yes,No,80,67.7,mph,Rain,87.8,F,0,8,Dusk,20,1,1170,Apollo Sarita Vihar,5.9,28.542465,77.127838
A01626,2024-05-18,11:42 PM,Saturday,Night,Delhi,New Delhi,IGI Airport,Near Signal,Urban,4,Medium,Good,Bus,29,Female,3,1,0,Minor,Vehicle Failure,No,Unknown,100,140,km/h,Haze,26.2,C,0,5.7,Dawn,15,10,638,LNJP,2.5,28.601222,77.211221
A01627,2023-07-13,6:02:18,Thursday,Morning,Delhi,New Delhi,Saket,Intersection,SH,3,High,Good,Truck,45,Other,1,1,,Minor,Distracted Driving,No,Yes,60,76,km/h,Fog,,C,0,3.8,Dawn,22,13,1683,Fortis Vasant Kunj,1.6,28.645032,77.189506
A01628,2023-08-02,13:11:54,Wednesday,Afternoon,Delhi,New Delhi,Rohini,Intersection,Urban,4,High,Under Construction,Car,34,Male,3,4,1,Moderate,Vehicle Failure,Unknown,Unknown,100,90,km/h,Thunderstorm,26.6,C,0,2.6,Night,11,22,1344,Fortis Vasant Kunj,7.4,28.705037,77.179481
A01629,20/11/2023,12:30 AM,Monday,Night,Delhi,New Delhi,Vasant Kunj,Intersection,Expressway,3,Low,Fair,Auto-rickshaw,42,Other,1,0,0,Minor,Vehicle Failure,Yes,No,50,49,km/h,Clear,23.2,C,3.6,6.5,Daylight,29,13,968,RML,3.1,28.641047,77.187126
A01630,2024-01-07,2:33 PM,Sunday,Afternoon,Delhi,New Delhi,Chandni Chowk,Residential Area,Rural,3,Low,Good,Car,47,Female,4,0,0,Severe,Bad Weather,Unknown,No,50,43,km/h,Clear,20.9,C,0,3.1,Daylight,14,35,1947,Safdarjung,3.6,28.617939,77.188835
A01631,2023-09-22,15:49:38,Friday,Afternoon,Delhi,New Delhi,Rohini,Residential Area,NH,3,High,Poor,Bus,39,Other,4,3,1,Moderate,Distracted Driving,Unknown,No,80,87,km/h,Thunderstorm,29.7,C,0,7.7,Dusk,25,30,1314,Max Saket,5,28.586627,77.152509
A01632,2023-01-23,2:10 AM,Monday,Night,Delhi,New Delhi,AIIMS,Residential Area,Rural,3,High,Good,Car,49,Unknown,1,0,0,Moderate,Overspeeding,No,Yes,100,113,km/h,Haze,25,C,0,6.8,Daylight,0,13,687,AIIMS,,28.514793,77.184977
A01633,16/09/2023,17:11:47,Saturday,Evening,Delhi,New Delhi,Janakpuri,School Zone,Expressway,2,High,Under Construction,Truck,43,Other,2,1,0,Minor,Bad Weather,Yes,Unknown,40,32.3,mph,clear,31.4,C,0,6.6,Night,5,18,1005,Apollo Sarita Vihar,6.4,28.566752,77.231368
A01634,28/12/2024,1:36:23,Saturday,Night,Delhi,New Delhi,Vasant Kunj,Intersection,Urban,3,Medium,Good,Car,25,Unknown,2,0,0,Minor,Overspeeding,Yes,Unknown,40,39,km/h,,17.8,C,0,3.8,Night,11,10,845,Fortis Vasant Kunj,7.5,28.661502,77.106411
A01635,2024-02-16,10:07 PM,Friday,Night,Delhi,New Delhi,Connaught Place,Intersection,SH,3,Medium,Good,Bicycle,45,Female,4,1,0,Minor,Pedestrian Error,Yes,No,40,56,km/h,Thunderstorm,33.6,C,0,5.8,Night,16,17,773,Apollo Sarita Vihar,7.6,28.630442,77.187361
A01636,13/07/2025,6:36:57,Sunday,Morning,Delhi,New Delhi,Saket,Near Signal,NH,4,High,Poor,Car,34,Female,2,0,0,Moderate,vehicle failure,Unknown,No,60,58,km/h,Haze,26.8,C,0,5.3,Dusk,17,6,867,Apollo Sarita Vihar,7,28.476128,77.237298
A01637,2023-06-24,21:32:55,Saturday,Night,Delhi,New Delhi,Connaught Place,Intersection,Expressway,4,Low,Fair,Auto-rickshaw,44,Other,4,0,0,Moderate,Vehicle Failure,No,Unknown,60,53,km/h,Rain,20.8,C,0,4.8,Night,15,24,661,Apollo Sarita Vihar,1.7,28.733774,77.17733
A01638,2023-06-08,11:35 AM,Thursday,Morning,Delhi,New Delhi,Chandni Chowk,Highway stretch,Expressway,4,Low,Under Construction,Bicycle,30,Other,1,0,0,Moderate,Bad Weather,Yes,Unknown,80,70.2,mph,Rain,19.6,C,0,5.4,Night,10,18,669,Apollo Sarita Vihar,1.5,28.567142,77.256153
A01639,2024-12-13,22:08:32,Friday,Night,Delhi,New Delhi,AIIMS,Highway stretch,SH,3,High,Under Construction,Auto-rickshaw,35,Unknown,1,2,0,Moderate,Vehicle Failure,No,Yes,100,82,km/h,Thunderstorm,13.1,C,0,5.9,Daylight,19,11,255,LNJP,3.9,28.559547,77.15313
A01640,2024-08-08,4:12:06,Thursday,Night,Delhi,New Delhi,Dwarka,School Zone,SH,1,Low,Good,Car,53,Other,6,1,,Moderate,,Yes,No,40,60,km/h,Dust,73.9,F,4.6,7.7,Dusk,22,8,839,Apollo Sarita Vihar,3.2,28.548065,77.202274
A01641,21/04/2025,1:04:41,Monday,Night,Delhi,New Delhi,Connaught Place,Market Area,SH,3,Medium,Poor,Bus,40,Female,1,0,0,Moderate,Reckless Overtaking,Unknown,Yes,40,40,km/h,,32.3,C,0,8.1,Night,18,22,1085,RML,1.9,28.695651,77.2106
A01642,09/12/2024,5:47:55,Monday,Morning,Delhi,New Delhi,Janakpuri,Residential Area,NH,2,Medium,Fair,Auto-rickshaw,24,Other,2,0,0,Minor,,Unknown,Unknown,40,46,km/h,Dust,31.9,C,0,6.3,Dusk,7,0,463,RML,3.6,28.649091,77.191581
A01643,2023-03-02,11:02 AM,Thursday,Morning,Delhi,New Delhi,Chandni Chowk,Residential Area,Expressway,4,High,Fair,Bicycle,57,Other,3,1,0,Moderate,Vehicle Failure,Unknown,Yes,50,58,km/h,Fog,36,C,0,5.7,Dawn,15,24,1417,Apollo Sarita Vihar,8,28.684709,77.208734
A01644,04/11/2023,17:48:15,Saturday,Evening,Delhi,New Delhi,IGI Airport,Near Signal,Expressway,2,High,Good,Auto-rickshaw,35,Other,3,1,0,moderate,Distracted Driving,Yes,No,50,63,km/h,Dust,30.7,C,5.8,6.5,Dusk,23,32,1999,Max Saket,8.4,28.601433,77.270847
A01645,2023-04-23,1:00 PM,Sunday,Afternoon,Delhi,New Delhi,Janakpuri,Intersection,Rural,3,Medium,Under Construction,Auto-rickshaw,42,Other,2,1,0,Minor,Pedestrian Error,No,No,50,85,km/h,Fog,26.9,C,0,5.6,Dawn,14,12,589,Fortis Vasant Kunj,2.4,28.696749,77.241124
A01646,26/01/2025,12:09 AM,Sunday,Night,Delhi,New Delhi,AIIMS,Near Signal,NH,3,Low,Good,Bicycle,31,Unknown,1,0,0,Minor,Reckless Overtaking,Unknown,No,40,70,km/h,Clear,31.7,C,0,6.1,Daylight,11,16,1266,AIIMS,2.5,28.642502,77.144359
A01647,22/03/2024,11:07:28,Friday,Morning,Delhi,New Delhi,Janakpuri,Highway stretch,NH,2,Medium,Under Construction,Bus,17,Other,2,0,0,Minor,Overspeeding,No,Yes,40,74,km/h,Thunderstorm,18.4,C,2.3,0.3,Dawn,2,16,243,RML,4.6,28.632259,77.234167
A01648,02/04/2023,10:22 AM,Sunday,Morning,Delhi,New Delhi,Vasant Kunj,Residential Area,Urban,4,Low,Good,Two-wheeler,25,Female,2,4,0,Severe,Alcohol Influence,Unknown,No,60,80,km/h,Fog,16.6,C,4.5,5.1,Night,17,13,523,Fortis Vasant Kunj,1.7,28.646466,77.242013
A01649,2024-12-24,1:29 AM,Tuesday,Night,Delhi,New Delhi,AIIMS,Near Signal,Rural,4,High,Poor,Car,36,Male,1,4,0,Minor,Vehicle Failure,Unknown,Unknown,100,126,km/h,Fog,31.7,C,0,4.9,Night,29,9,288,AIIMS,8.5,28.61971,77.173789
A01650,2024-03-31,20:58:23,Sunday,Evening,Delhi,New Delhi,AIIMS,Intersection,Expressway,2,Low,Good,Bus,32,Unknown,1,,0,Minor,Distracted Driving,Yes,Yes,80,51,km/h,Clear,30.9,C,3.7,0.3,Dusk,4,12,1028,Max Saket,2.4,28.605271,77.230205
A01651,09/06/2024,20:14:22,Sunday,Evening,Delhi,New Delhi,IGI Airport,Highway stretch,NH,4,Low,Poor,Two-wheeler,47,Other,1,1,0,Minor,Distracted Driving,Yes,Yes,40,,km/h,Thunderstorm,34.2,C,4.2,1.7,Dawn,21,34,726,LNJP,2.7,28.713642,77.234709
A01652,2025-08-15,4:47 PM,Friday,Afternoon,Delhi,New Delhi,Okhla,Market Area,Expressway,4,High,Good,Car,16,Unknown,6,1,0,Minor,Alcohol Influence,Unknown,Unknown,100,125,km/h,Haze,38.5,C,0,5.1,Dusk,26,1,1091,LNJP,5.2,28.560293,77.119349
A01653,2024-03-30,6:28:43,Saturday,Morning,Delhi,New Delhi,Vasant Kunj,School Zone,SH,3,Low,Good,Auto-rickshaw,,Unknown,4,,0,minor,Alcohol Influence,Yes,Yes,60,74,km/h,Clear,,C,0,7,Dawn,3,19,639,Fortis Vasant Kunj,4.7,28.576286,77.119132
A01654,22/04/2024,12:50 AM,Monday,Night,Delhi,New Delhi,Lajpat Nagar,Market Area,Rural,1,High,Under Construction,Bus,54,Male,1,1,0,Minor,Alcohol Influence,No,Unknown,60,87,km/h,Haze,44.1,C,0,4,Dusk,9,29,1603,Max Saket,1.6,28.649634,77.2942
A01655,17/03/2025,13:22:30,Monday,Afternoon,Delhi,New Delhi,Vasant Kunj,School Zone,Rural,2,Medium,Good,Two-wheeler,24,Female,2,0,0,moderate,Vehicle Failure,Yes,No,40,51,km/h,Clear,22.5,C,0,5.3,Night,12,20,781,Fortis Vasant Kunj,4.6,28.618485,77.166758
A01656,2025-02-07,12:31 AM,Friday,Night,Delhi,New Delhi,IGI Airport,Residential Area,SH,3,High,Poor,Bus,45,Male,2,0,0,Minor,Distracted Driving,No,Yes,80,63.4,mph,Clear,17.5,C,5.6,8.9,Night,4,21,45,LNJP,5,28.516812,77.258296
A01657,2024-01-09,1:50 AM,Tuesday,Night,Delhi,New Delhi,Saket,School Zone,Urban,2,High,Poor,Car,,Male,1,0,0,Moderate,reckless overtaking,Yes,Yes,80,40.4,mph,Fog,14.4,C,0,4.2,Dusk,21,2,1071,Max Saket,2,28.624108,77.206233
A01658,16/01/2023,2:14:21,Monday,Night,Delhi,New Delhi,Okhla,Highway stretch,SH,3,Medium,Good,Car,32,Unknown,4,3,0,Moderate,Overspeeding,Unknown,Yes,80,54.1,mph,Haze,29.8,C,0,5.2,Daylight,14,28,845,Fortis Vasant Kunj,3.8,28.567783,77.260091
A01659,2024-08-20,6:08 PM,Tuesday,Evening,Delhi,New Delhi,Vasant Kunj,Intersection,SH,3,Low,Fair,Car,,Female,1,,0,Severe,alcohol influence,No,Yes,100,146,km/h,Dust,,C,0,6.5,Dawn,18,14,990,Safdarjung,2.7,28.549465,77.19883
A01660,19/05/2024,0:13:06,Sunday,Night,Delhi,New Delhi,Karol Bagh,School Zone,SH,1,Low,Under Construction,Two-wheeler,,Female,1,2,0,Moderate,Overspeeding,Unknown,Yes,60,52.8,mph,Clear,28.1,C,0,5.3,Daylight,10,22,1889,Fortis Vasant Kunj,10.8,28.561338,77.227377
A01661,14/08/2024,16:45:29,Wednesday,Afternoon,Delhi,New Delhi,Okhla,Intersection,Expressway,2,Medium,Good,Two-wheeler,28,Male,4,0,0,Moderate,Bad Weather,No,Yes,100,123,km/h,Thunderstorm,29.7,C,0,8,Dusk,17,18,723,Max Saket,1.7,28.725399,77.283815
A01662,2024-05-08,10:52 AM,Wednesday,Morning,Delhi,New Delhi,AIIMS,Highway stretch,Rural,3,Medium,Good,Car,24,Female,2,,0,Moderate,Bad Weather,Unknown,No,50,48,km/h,Thunderstorm,31.5,C,2.4,2.7,Night,28,15,674,LNJP,9.1,28.614714,77.234424
A01663,2024-07-01,10:41:21,Monday,Morning,Delhi,New Delhi,Saket,Residential Area,Rural,3,Medium,Good,Bicycle,52,Other,2,0,0,Minor,Bad Weather,Unknown,No,50,58,km/h,Clear,110.1,F,0,6.7,Dusk,8,35,1357,Max Saket,5.2,28.696656,77.160358
A01664,09/05/2023,1:22 PM,Tuesday,Afternoon,Delhi,New Delhi,IGI Airport,Market Area,NH,2,Medium,Good,Bus,51,Other,2,1,0,Minor,Overspeeding,Unknown,Unknown,80,99,km/h,Dust,31.4,C,0,4.3,Daylight,11,12,392,LNJP,,28.480955,77.177226
A01665,2024-05-25,10:24 PM,Saturday,Night,Delhi,New Delhi,Okhla,Residential Area,NH,2,Low,Poor,Truck,17,Male,3,0,0,Minor,,Yes,No,60,80,km/h,Clear,25,C,0,3,Dawn,6,21,291,AIIMS,1.4,28.647263,77.209306
A01666,23/07/2024,9:24 AM,Tuesday,Morning,Delhi,New Delhi,Lajpat Nagar,Market Area,SH,2,Low,Fair,Bus,33,Unknown,2,1,0,Minor,Reckless Overtaking,Yes,No,60,75,km/h,Haze,,C,0,7.1,Night,9,39,696,Apollo Sarita Vihar,3.8,28.588737,77.289415
A01667,12/03/2025,3:11:47,Wednesday,Night,Delhi,New Delhi,Vasant Kunj,Residential Area,SH,3,High,Good,Auto-rickshaw,24,Other,2,1,0,Moderate,Vehicle Failure,Yes,Yes,80,100,km/h,Haze,91.4,F,0,4.7,dusk,20,21,1354,LNJP,6.1,28.567941,77.299116
A01668,2023-10-07,3:07 AM,Saturday,Night,Delhi,New Delhi,IGI Airport,Highway stretch,SH,2,Low,Fair,Bicycle,30,Female,1,0,0,moderate,Pedestrian Error,Unknown,Unknown,50,41,km/h,Dust,14.2,C,3.6,2.7,dawn,13,5,886,LNJP,4.6,28.520573,77.1948
A01669,2023-09-15,3:20 PM,Friday,Afternoon,Delhi,New Delhi,Lajpat Nagar,Market Area,NH,3,Low,Under Construction,bus,23,Male,1,0,0,Minor,Overspeeding,No,Unknown,50,32,km/h,Thunderstorm,90.1,F,6.4,6.8,Night,20,3,859,Fortis Vasant Kunj,3.7,28.67982,77.163944
A01670,08/07/2025,12:45:18,Tuesday,Afternoon,Delhi,New Delhi,Dwarka,Near Signal,Expressway,3,Low,Fair,Bicycle,52,Other,1,2,0,Minor,Distracted Driving,Yes,No,60,83,km/h,Dust,34,C,0,1.6,Night,17,20,1351,Fortis Vasant Kunj,6,28.535734,77.19273
A01671,15/05/2023,12:20 AM,Monday,Night,Delhi,New Delhi,Rohini,School Zone,Expressway,3,Medium,Fair,Bus,46,Unknown,8,3,0,Minor,,Unknown,No,60,61,km/h,Dust,,C,0,3.5,Dawn,11,27,1132,RML,,28.640499,77.21005
A01672,2024-05-05,12:50 AM,Sunday,Night,Delhi,New Delhi,Vasant Kunj,Market Area,Expressway,3,Low,Good,Car,17,Female,1,2,0,Minor,Distracted Driving,Yes,Yes,80,92,km/h,Dust,,C,0,2.2,Dawn,14,21,596,Safdarjung,0.2,28.56021,77.307857
A01673,2025-03-29,8:51 PM,Saturday,Evening,Delhi,New Delhi,Janakpuri,Market Area,SH,3,High,Poor,Bicycle,48,Unknown,2,1,0,Minor,bad weather,Yes,Unknown,80,104,km/h,Rain,34.8,C,0,3.3,daylight,8,28,1828,AIIMS,5.1,28.548916,77.160284
A01674,03/08/2024,6:02:42,Saturday,Morning,Delhi,New Delhi,Connaught Place,Highway stretch,NH,2,Low,Good,Bicycle,31,Male,4,3,0,Minor,Overspeeding,Yes,No,100,114,km/h,Dust,24.2,C,10.6,4.6,Daylight,34,10,1323,LNJP,6.4,28.632128,77.276915
A01675,12/09/2023,12:13 PM,Tuesday,Afternoon,Delhi,New Delhi,Rohini,Market Area,Urban,2,Low,Under Construction,Bus,24,Other,3,0,0,Moderate,Pedestrian Error,No,No,60,53,km/h,Fog,31.6,C,3.3,6,Daylight,24,11,1108,Safdarjung,4.9,28.634493,77.083813
A01676,03/12/2023,10:52 AM,Sunday,Morning,Delhi,New Delhi,Saket,Near Signal,Expressway,1,Medium,Poor,Auto-rickshaw,63,Male,2,2,0,Moderate,Overspeeding,Unknown,Yes,40,67,km/h,Clear,23,C,0,2.3,Dawn,15,21,847,RML,4.8,28.638853,77.221025
A01677,2023-08-04,13:14:40,Friday,Afternoon,Delhi,New Delhi,AIIMS,Market Area,Expressway,2,Medium,Good,Two-wheeler,43,Female,3,0,0,Minor,Reckless Overtaking,Unknown,Unknown,60,62,km/h,Fog,37.1,C,0,7.4,Night,31,7,316,AIIMS,8.9,28.626094,77.126522
A01678,2023-04-08,9:10 PM,Saturday,Night,Delhi,New Delhi,Connaught Place,Residential Area,SH,3,Low,Fair,Car,17,Unknown,2,1,0,Minor,Alcohol Influence,No,Unknown,80,108,km/h,Thunderstorm,29.9,C,0,5.4,Dawn,10,29,1391,LNJP,0.5,28.608924,77.229173
A01679,05/06/2025,17:20:42,Thursday,Evening,Delhi,New Delhi,Lajpat Nagar,Highway stretch,Urban,3,Medium,Fair,Bicycle,32,Male,5,2,,Minor,Vehicle Failure,Yes,Yes,80,73,km/h,Dust,33.4,C,0,1.9,Daylight,19,6,1317,RML,7,28.516856,77.159972
A01680,19/09/2023,3:24:12,Tuesday,Night,Delhi,New Delhi,Saket,School Zone,Rural,1,Medium,Under Construction,Two-wheeler,,Male,4,1,0,Moderate,Bad Weather,Yes,No,60,57,km/h,Fog,26.6,C,0,4.1,Night,12,19,1024,Safdarjung,1.7,28.656811,77.10963
A01681,2025-01-26,19:06:38,Sunday,Evening,Delhi,New Delhi,Okhla,Near Signal,Rural,3,High,Fair,Car,30,Other,2,1,0,Minor,,No,No,80,51.6,mph,Dust,22,C,0,3.5,Daylight,16,22,1187,Safdarjung,6.1,28.612147,77.166771
A01682,2024-04-17,7:10:29,Wednesday,Morning,Delhi,New Delhi,AIIMS,Near Signal,Urban,2,Low,Under Construction,Car,30,Unknown,3,1,0,Fatal,Overspeeding,Yes,Unknown,40,57,km/h,Thunderstorm,27,C,1.6,8.4,Dusk,22,17,998,AIIMS,8.1,28.577638,77.210201
A01683,2023-01-16,4:48 AM,Monday,Night,Delhi,New Delhi,Connaught Place,Residential Area,Rural,3,Low,Good,Bus,31,Unknown,1,1,0,Minor,,No,Unknown,100,101,km/h,Dust,104.2,F,9.3,3.6,Dusk,19,31,1627,Fortis Vasant Kunj,5.1,28.6908,77.253863
A01684,16/08/2025,12:31 PM,Saturday,Afternoon,Delhi,New Delhi,Dwarka,Intersection,Urban,3,Medium,Poor,Truck,43,Female,1,0,0,Moderate,Alcohol Influence,No,Unknown,50,49,km/h,Clear,14,C,6.5,5,Night,14,16,1304,Max Saket,3.9,28.585322,77.278863
A01685,10/06/2023,5:09 PM,Saturday,Evening,Delhi,New Delhi,Rohini,Highway stretch,SH,3,Low,Fair,bus,16,Unknown,3,0,0,Moderate,Vehicle Failure,Yes,No,40,34,km/h,Dust,30.4,C,0,8.6,Dusk,11,16,1584,RML,4.4,28.57866,77.25941
A01686,2024-01-24,6:39 AM,Wednesday,Morning,Delhi,New Delhi,Connaught Place,Highway stretch,Expressway,2,Medium,Poor,Bus,46,Unknown,2,1,0,Minor,Overspeeding,Yes,Unknown,50,78,km/h,dust,29.8,C,0,6.4,Night,6,19,625,Fortis Vasant Kunj,10.9,28.647033,77.252763
A01687,2023-07-30,10:59 AM,Sunday,Morning,Delhi,New Delhi,IGI Airport,Highway stretch,Expressway,2,High,Under Construction,Bicycle,39,Male,4,1,0,Minor,Alcohol Influence,No,Yes,80,,km/h,Clear,24.6,C,0,2.8,night,21,24,648,AIIMS,4.4,28.584235,77.152352
A01688,20/05/2024,19:05:49,Monday,Evening,Delhi,New Delhi,Janakpuri,Near Signal,SH,2,Medium,Under Construction,Bicycle,40,Female,1,1,,Minor,Overspeeding,No,No,100,123,km/h,Haze,14.6,C,0,1.6,Night,27,18,1166,Fortis Vasant Kunj,7.9,28.653375,77.143101
A01689,14/08/2024,13:59:25,Wednesday,Afternoon,Delhi,New Delhi,Vasant Kunj,Intersection,Urban,2,Medium,Under Construction,Two-wheeler,38,Male,3,0,0,Moderate,Reckless Overtaking,No,Unknown,40,67,km/h,Rain,16.6,C,0,7.4,Night,6,21,545,AIIMS,8.9,28.575347,77.235472
A01690,25/05/2023,6:33:32,Thursday,Morning,Delhi,New Delhi,Lajpat Nagar,Highway stretch,Expressway,4,High,Good,Car,36,Female,1,1,0,Minor,Alcohol Influence,Yes,Unknown,40,46,km/h,Fog,26.1,C,4,8.4,Night,1,24,992,Apollo Sarita Vihar,2.9,28.621065,77.232936
A01691,2023-10-12,5:33:24,Thursday,Morning,Delhi,New Delhi,Okhla,Market Area,Urban,4,High,Good,Auto-rickshaw,34,Unknown,1,0,0,Minor,Pedestrian Error,Yes,Yes,50,34.8,mph,Fog,33.5,C,0,5.7,Daylight,11,21,983,Safdarjung,1.6,28.591414,77.25725
A01692,25/04/2024,2:29 AM,Thursday,Night,Delhi,New Delhi,Saket,Near Signal,Urban,2,High,Good,Truck,40,Female,1,0,0,Minor,Bad Weather,Unknown,Unknown,100,110,km/h,Clear,20.6,C,0,6.6,Dawn,12,19,1230,AIIMS,0.3,28.679486,77.249706
A01693,2024-08-31,19:50:09,Saturday,Evening,Delhi,New Delhi,IGI Airport,School Zone,Expressway,4,High,Good,Two-wheeler,36,Unknown,4,0,0,Minor,Distracted Driving,Yes,Yes,60,46.6,mph,Fog,20.1,C,0,6.4,Night,13,23,467,Max Saket,1.6,28.630717,77.145448
A01694,2024-05-04,10:29 PM,Saturday,Night,Delhi,New Delhi,Saket,Intersection,Expressway,2,Medium,Poor,Auto-rickshaw,16,Unknown,5,1,0,Moderate,Bad Weather,Unknown,No,60,69,km/h,Haze,30.2,C,0,2.9,Dusk,21,0,855,Fortis Vasant Kunj,3.3,28.550012,77.176342
A01695,25/01/2024,20:42:44,Thursday,Evening,Delhi,New Delhi,Karol Bagh,Near Signal,Rural,2,High,Fair,Truck,21,Male,1,1,0,Minor,Bad Weather,No,Yes,40,,km/h,Rain,31.1,C,0,3.8,Night,19,11,290,AIIMS,7,28.516978,77.270956
A01696,22/12/2023,1:21 PM,Friday,Afternoon,Delhi,New Delhi,Saket,Highway stretch,Rural,2,Low,Under Construction,Car,43,Female,2,1,0,Moderate,Pedestrian Error,No,Unknown,60,59,km/h,Dust,21.6,C,0,5.6,Dawn,19,26,346,Apollo Sarita Vihar,12.6,28.622349,77.178464
A01697,09/08/2024,16:02:05,Friday,Afternoon,Delhi,New Delhi,AIIMS,Residential Area,NH,4,Low,Under Construction,Car,55,Unknown,4,0,0,Moderate,Overspeeding,Unknown,No,100,119,km/h,Fog,22.8,C,0,2.1,Dawn,22,27,1094,LNJP,0.7,28.660474,77.197687
A01698,2025-08-21,2:49 PM,Thursday,Afternoon,Delhi,New Delhi,Chandni Chowk,School Zone,Rural,3,Low,Under Construction,Two-wheeler,,Female,2,0,0,Minor,Vehicle Failure,Yes,No,60,47,km/h,Rain,,C,0,4.7,Daylight,11,12,1119,Max Saket,9.8,28.598346,77.149406
A01699,2023-12-24,20:25:19,Sunday,Evening,Delhi,New Delhi,Lajpat Nagar,School Zone,Expressway,3,High,Under Construction,bus,,Other,3,0,0,Moderate,Vehicle Failure,Unknown,Yes,100,123,km/h,Dust,31.4,C,10.4,5.4,Daylight,18,22,375,LNJP,6.2,28.616441,77.223655
A01700,25/04/2024,13:29:03,Thursday,Afternoon,Delhi,New Delhi,Karol Bagh,Intersection,Expressway,1,Medium,Good,Car,20,Unknown,4,0,0,Moderate,Alcohol Influence,No,Yes,40,37,km/h,Clear,21.9,C,5.9,4.4,Dawn,1,3,1299,LNJP,2.2,28.628406,77.222425